2024,마아004075,to_in_001,5
2024,마아004075,to_in_007,0
2024,마아004075,to_in_008,5
2024,마아004081,to_in_001,5
2024,마아004081,to_in_007,5
2024,마아004081,to_in_008,0
2024,마아004092,to_in_001,5
2024,마아004092,to_in_007,0
2024,마아004092,to_in_008,0
2024,마아004093,to_in_001,8
2024,마아004093,to_in_007,5
2024,마아004093,to_in_008,5
2024,마아004100,to_in_001,8
2024,마아004100,to_in_007,5
2024,마아004100,to_in_008,5
2024,마아004102,to_in_001,5
2024,마아004102,to_in_007,0
2024,마아004102,to_in_008,0
2024,마아004111,to_in_001,5
2024,마아004111,to_in_007,0
2024,마아004111,to_in_008,0
2024,마아004112,to_in_001,8
2024,마아004112,to_in_007,5
2024,마아004112,to_in_008,8
2024,마아004113,to_in_001,8
2024,마아004113,to_in_007,5
2024,마아004113,to_in_008,8
2024,마아004114,to_in_001,5
2024,마아004114,to_in_007,5
2024,마아004114,to_in_008,0
2024,마아004115,to_in_001,0
2024,마아004115,to_in_007,0
2024,마아004115,to_in_008,0
2024,마아004116,to_in_001,5
2024,마아004116,to_in_007,5
2024,마아004116,to_in_008,0
2024,마아005003,to_in_001,5
2024,마아005003,to_in_007,5
2024,마아005003,to_in_008,0
2024,마아005006,to_in_001,0
2024,마아005006,to_in_007,0
2024,마아005006,to_in_008,0
2024,마아005048,to_in_001,0
2024,마아005048,to_in_007,0
2024,마아005048,to_in_008,0
2024,마아005049,to_in_001,0
2024,마아005049,to_in_007,0
2024,마아005049,to_in_008,0
2024,마아005058,to_in_001,5
2024,마아005058,to_in_007,0
2024,마아005058,to_in_008,0
2024,마아005062,to_in_001,5
2024,마아005062,to_in_007,5
2024,마아005062,to_in_008,5
2024,마아005081,to_in_001,5
2024,마아005081,to_in_007,0
2024,마아005081,to_in_008,5
2024,마아005094,to_in_001,5
2024,마아005094,to_in_007,0
2024,마아005094,to_in_008,0
2024,마아005097,to_in_001,5
2024,마아005097,to_in_007,0
2024,마아005097,to_in_008,0
2024,마아005101,to_in_001,5
2024,마아005101,to_in_007,0
2024,마아005101,to_in_008,0
2024,마아005102,to_in_001,5
2024,마아005102,to_in_007,0
2024,마아005102,to_in_008,0
2024,마아005103,to_in_001,5
2024,마아005103,to_in_007,5
2024,마아005103,to_in_008,0
2024,마아005111,to_in_001,5
2024,마아005111,to_in_007,5
2024,마아005111,to_in_008,5
2024,마아005112,to_in_001,8
2024,마아005112,to_in_007,5
2024,마아005112,to_in_008,5
2024,마아005113,to_in_001,8
2024,마아005113,to_in_007,5
2024,마아005113,to_in_008,8
2024,마아005114,to_in_001,8
2024,마아005114,to_in_007,5
2024,마아005114,to_in_008,8
2024,마아005115,to_in_001,8
2024,마아005115,to_in_007,5
2024,마아005115,to_in_008,5
2024,마아005117,to_in_001,5
2024,마아005117,to_in_007,5
2024,마아005117,to_in_008,0
2024,마아006003,to_in_001,8
2024,마아006003,to_in_007,5
2024,마아006003,to_in_008,5
2024,마아006004,to_in_001,5
2024,마아006004,to_in_007,0
2024,마아006004,to_in_008,0
2024,마아006061,to_in_001,5
2024,마아006061,to_in_007,5
2024,마아006061,to_in_008,0
2024,마아006070,to_in_001,8
2024,마아006070,to_in_007,5
2024,마아006070,to_in_008,5
2024,마아006100,to_in_001,0
2024,마아006100,to_in_007,0
2024,마아006100,to_in_008,0
2024,마아006101,to_in_001,13
2024,마아006101,to_in_007,8
2024,마아006101,to_in_008,8
2024,마아006102,to_in_001,5
2024,마아006102,to_in_007,5
2024,마아006102,to_in_008,0
2024,마아006103,to_in_001,0
2024,마아006103,to_in_007,0
2024,마아006103,to_in_008,0
2024,마아006111,to_in_001,8
2024,마아006111,to_in_007,8
2024,마아006111,to_in_008,5
2024,마아036027,to_in_001,5
2024,마아036027,to_in_007,5
2024,마아036027,to_in_008,5
2024,마아036029,to_in_001,8
2024,마아036029,to_in_007,5
2024,마아036029,to_in_008,5
2024,마아036030,to_in_001,0
2024,마아036030,to_in_007,0
2024,마아036030,to_in_008,0
2024,마아036046,to_in_001,8
2024,마아036046,to_in_007,8
2024,마아036046,to_in_008,5
2024,마아036052,to_in_001,0
2024,마아036052,to_in_007,0
2024,마아036052,to_in_008,0
2024,마아036055,to_in_001,5
2024,마아036055,to_in_007,5
2024,마아036055,to_in_008,0
2024,마아036058,to_in_001,0
2024,마아036058,to_in_007,0
2024,마아036058,to_in_008,0
2024,마아036067,to_in_001,5
2024,마아036067,to_in_007,5
2024,마아036067,to_in_008,5
2024,마아036068,to_in_001,8
2024,마아036068,to_in_007,8
2024,마아036068,to_in_008,5
2024,마아036069,to_in_001,5
2024,마아036069,to_in_007,5
2024,마아036069,to_in_008,0
2024,마아036070,to_in_001,8
2024,마아002092,to_in_001,8
2024,마아002092,to_in_007,5
2024,마아002092,to_in_008,5
2024,마아002093,to_in_001,13
2024,마아002093,to_in_007,5
2024,마아002093,to_in_008,8
2024,마아002094,to_in_001,8
2024,마아002094,to_in_007,5
2024,마아002094,to_in_008,5
2024,마아002097,to_in_001,5
2024,마아002097,to_in_007,0
2024,마아002097,to_in_008,0
2024,마아002098,to_in_001,0
2024,마아002098,to_in_007,0
2024,마아002098,to_in_008,0
2024,마아002101,to_in_001,5
2024,마아002101,to_in_007,5
2024,마아002101,to_in_008,0
2024,마아002105,to_in_001,0
2024,마아002105,to_in_007,0
2024,마아002105,to_in_008,0
2024,마아003003,to_in_001,5
2024,마아003003,to_in_007,5
2024,마아003003,to_in_008,5
2024,마아003004,to_in_001,8
2024,마아003004,to_in_007,8
2024,마아003004,to_in_008,0
2024,마아003006,to_in_001,5
2024,마아003006,to_in_007,0
2024,마아003006,to_in_008,5
2024,마아003028,to_in_001,5
2024,마아003028,to_in_007,0
2024,마아003028,to_in_008,5
2024,마아003033,to_in_001,8
2024,마아003033,to_in_007,8
2024,마아003033,to_in_008,0
2024,마아003040,to_in_001,5
2024,마아003040,to_in_007,5
2024,마아003040,to_in_008,0
2024,마아003041,to_in_001,5
2024,마아003041,to_in_007,0
2024,마아003041,to_in_008,0
2024,마아003047,to_in_001,18
2024,마아003047,to_in_007,8
2024,마아003047,to_in_008,8
2024,마아003048,to_in_001,5
2024,마아003048,to_in_007,0
2024,마아003048,to_in_008,5
2024,마아003049,to_in_001,5
2024,마아003049,to_in_007,5
2024,마아003049,to_in_008,0
2024,마아003062,to_in_001,8
2024,마아003062,to_in_007,8
2024,마아003062,to_in_008,5
2024,마아003063,to_in_001,5
2024,마아003063,to_in_007,5
2024,마아003063,to_in_008,0
2024,마아003068,to_in_001,5
2024,마아003068,to_in_007,0
2024,마아003068,to_in_008,0
2024,마아003070,to_in_001,0
2024,마아003070,to_in_007,0
2024,마아003070,to_in_008,0
2024,마아003090,to_in_001,5
2024,마아003090,to_in_007,0
2024,마아003090,to_in_008,0
2024,마아003092,to_in_001,8
2024,마아003092,to_in_007,8
2024,마아003092,to_in_008,5
2024,마아003093,to_in_001,8
2024,마아003093,to_in_007,5
2024,마아003093,to_in_008,5
2024,마아003095,to_in_001,5
2024,마아003095,to_in_007,0
2024,마아003095,to_in_008,0
2024,마아003096,to_in_001,8
2024,마아003096,to_in_007,5
2024,마아003096,to_in_008,5
2024,마아003097,to_in_001,5
2024,마아003097,to_in_007,0
2024,마아003097,to_in_008,5
2024,마아003098,to_in_001,5
2024,마아003098,to_in_007,0
2024,마아003098,to_in_008,0
2024,마아003099,to_in_001,5
2024,마아003099,to_in_007,0
2024,마아003099,to_in_008,5
2024,마아003101,to_in_001,5
2024,마아003101,to_in_007,0
2024,마아003101,to_in_008,0
2024,마아003107,to_in_001,5
2024,마아003107,to_in_007,0
2024,마아003107,to_in_008,0
2024,마아003109,to_in_001,5
2024,마아003109,to_in_007,5
2024,마아003109,to_in_008,5
2024,마아003113,to_in_001,5
2024,마아003113,to_in_007,0
2024,마아003113,to_in_008,0
2024,마아004006,to_in_001,5
2024,마아004006,to_in_007,5
2024,마아004006,to_in_008,0
2024,마아004007,to_in_001,5
2024,마아004007,to_in_007,5
2024,마아004007,to_in_008,5
2024,마아004041,to_in_001,5
2024,마아004041,to_in_007,0
2024,마아004041,to_in_008,0
2024,마아004048,to_in_001,5
2024,마아004048,to_in_007,0
2024,마아004048,to_in_008,0
2024,마아004049,to_in_001,5
2024,마아004049,to_in_007,5
2024,마아004049,to_in_008,5
2024,마아004072,to_in_001,5
2024,마아004072,to_in_007,0
2024,마아004072,to_in_008,0
2024,마아010059,to_in_001,5
2024,마아010059,to_in_007,5
2024,마아010059,to_in_008,5
2024,마아010060,to_in_001,5
2024,마아010060,to_in_007,0
2024,마아010060,to_in_008,5
2024,마아010061,to_in_001,8
2024,마아010061,to_in_007,5
2024,마아010061,to_in_008,5
2024,마아010062,to_in_001,8
2024,마아010062,to_in_007,8
2024,마아010062,to_in_008,5
2024,마아010063,to_in_001,8
2024,마아010063,to_in_007,5
2024,마아010063,to_in_008,5
2024,마아010100,to_in_001,5
2024,마아010100,to_in_007,0
2024,마아010100,to_in_008,0
2024,마아010101,to_in_001,8
2024,마아010101,to_in_007,5
2024,마아010101,to_in_008,5
2024,마아010102,to_in_001,5
2024,마아010102,to_in_007,5
2024,마아010102,to_in_008,0
2024,마아010114,to_in_001,13
2024,마아010114,to_in_007,8
2024,마아010114,to_in_008,8
2024,마아011045,to_in_001,5
2024,마아011045,to_in_007,0
2024,마아011045,to_in_008,0
2024,마아011057,to_in_001,5
2024,마아011057,to_in_007,5
2024,마아011057,to_in_008,5
2024,마아011058,to_in_001,8
2024,마아011058,to_in_007,5
2024,마아011058,to_in_008,8
2024,마아011059,to_in_001,8
2024,마아011059,to_in_007,5
2024,마아011059,to_in_008,5
2024,마아011060,to_in_001,5
2024,마아011060,to_in_007,5
2024,마아011060,to_in_008,0
2024,마아011087,to_in_001,5
2024,마아011087,to_in_007,0
2024,마아011087,to_in_008,0
2024,마아011088,to_in_001,5
2024,마아011088,to_in_007,0
2024,마아011088,to_in_008,5
2024,마아011089,to_in_001,5
2024,마아011089,to_in_007,0
2024,마아011089,to_in_008,0
2024,마아011090,to_in_001,0
2024,마아011090,to_in_007,0
2024,마아011090,to_in_008,0
2024,마아011103,to_in_001,5
2024,마아011103,to_in_007,5
2024,마아011103,to_in_008,5
2024,마아011104,to_in_001,5
2024,마아011104,to_in_007,0
2024,마아011104,to_in_008,5
2024,마아011105,to_in_001,8
2024,마아011105,to_in_007,5
2024,마아011105,to_in_008,5
2024,마아011106,to_in_001,5
2024,마아011106,to_in_007,0
2024,마아011106,to_in_008,5
2024,마아011107,to_in_001,8
2024,마아011107,to_in_007,5
2024,마아011107,to_in_008,5
2024,마아012087,to_in_001,5
2024,마아012087,to_in_007,0
2024,마아012087,to_in_008,5
2024,마아012089,to_in_001,5
2024,마아012089,to_in_007,5
2024,마아012089,to_in_008,5
2024,마아012090,to_in_001,5
2024,마아012090,to_in_007,0
2024,마아012090,to_in_008,5
2024,마아012102,to_in_001,5
2024,마아012102,to_in_007,0
2024,마아012102,to_in_008,0
2024,마아012103,to_in_001,5
2024,마아012103,to_in_007,0
2024,마아012103,to_in_008,5
2024,마아012104,to_in_001,13
2024,마아012104,to_in_007,8
2024,마아012104,to_in_008,5
2024,마아013042,to_in_001,13
2024,마아013042,to_in_007,8
2024,마아013042,to_in_008,8
2024,마아013089,to_in_001,8
2024,마아013089,to_in_007,5
2024,마아013089,to_in_008,5
2024,마아013090,to_in_001,5
2024,마아013090,to_in_007,0
2024,마아013090,to_in_008,0
2024,마아013091,to_in_001,8
2024,마아013091,to_in_007,8
2024,마아013091,to_in_008,5
2024,마아013103,to_in_001,5
2024,마아013103,to_in_007,0
2024,마아013103,to_in_008,5
2024,마아013104,to_in_001,8
2024,마아013104,to_in_007,5
2024,마아013104,to_in_008,5
2024,마아013105,to_in_001,5
2024,마아013105,to_in_007,5
2024,마아013105,to_in_008,0
2024,마아014012,to_in_001,5
2024,마아014012,to_in_007,5
2024,마아014012,to_in_008,0
2024,마아014057,to_in_001,5
2024,마아014057,to_in_007,0
2024,마아014057,to_in_008,5
2024,마아014090,to_in_001,5
2024,마아014090,to_in_007,0
2024,마아014090,to_in_008,5
2024,마아014092,to_in_001,5
2024,마아014092,to_in_007,0
2024,마아014092,to_in_008,5
2024,마아039014,to_in_001,5
2024,마아039014,to_in_007,5
2024,마아039014,to_in_008,0
2024,마아039033,to_in_001,0
2024,마아039033,to_in_007,0
2024,마아039033,to_in_008,0
2024,마아039050,to_in_001,8
2024,마아039050,to_in_007,5
2024,마아039050,to_in_008,8
2024,마아039052,to_in_001,5
2024,마아039052,to_in_007,0
2024,마아039052,to_in_008,0
2024,마아039053,to_in_001,13
2024,마아039053,to_in_007,5
2024,마아039053,to_in_008,8
2024,마아039055,to_in_001,5
2024,마아039055,to_in_007,5
2024,마아039055,to_in_008,0
2024,마아039058,to_in_001,0
2024,마아039058,to_in_007,0
2024,마아039058,to_in_008,0
2024,마아039061,to_in_001,5
2024,마아039061,to_in_007,5
2024,마아039061,to_in_008,5
2024,마아039062,to_in_001,8
2024,마아039062,to_in_007,5
2024,마아039062,to_in_008,5
2024,마아039065,to_in_001,8
2024,마아039065,to_in_007,8
2024,마아039065,to_in_008,5
2024,마아039066,to_in_001,5
2024,마아039066,to_in_007,0
2024,마아039066,to_in_008,5
2024,마아039067,to_in_001,8
2024,마아039067,to_in_007,8
2024,마아039067,to_in_008,5
2024,마아039068,to_in_001,5
2024,마아039068,to_in_007,5
2024,마아039068,to_in_008,0
2024,마아040013,to_in_001,8
2024,마아040013,to_in_007,8
2024,마아040013,to_in_008,5
2024,마아040014,to_in_001,8
2024,마아040014,to_in_007,8
2024,마아040014,to_in_008,5
2024,마아040015,to_in_001,5
2024,마아040015,to_in_007,0
2024,마아040015,to_in_008,0
2024,마아040016,to_in_001,0
2024,마아040016,to_in_007,0
2024,마아040016,to_in_008,0
2024,마아040032,to_in_001,8
2024,마아040032,to_in_007,8
2024,마아040032,to_in_008,0
2024,마아040052,to_in_001,8
2024,마아040052,to_in_007,5
2024,마아000007,to_in_001,5
2024,마아000007,to_in_007,5
2024,마아000007,to_in_008,0
2024,마아000008,to_in_001,5
2024,마아000008,to_in_007,0
2024,마아000008,to_in_008,0
2024,마아000009,to_in_001,5
2024,마아000009,to_in_007,0
2024,마아000009,to_in_008,5
2024,마아000010,to_in_001,5
2024,마아000010,to_in_007,0
2024,마아000010,to_in_008,5
2024,마아000011,to_in_001,5
2024,마아000011,to_in_007,5
2024,마아000011,to_in_008,0
2024,마아000043,to_in_001,5
2024,마아000043,to_in_007,0
2024,마아000043,to_in_008,5
2024,마아000044,to_in_001,0
2024,마아000044,to_in_007,0
2024,마아000044,to_in_008,0
2024,마아000045,to_in_001,5
2024,마아000045,to_in_007,0
2024,마아000045,to_in_008,5
2024,마아000046,to_in_001,8
2024,마아000046,to_in_007,0
2024,마아000046,to_in_008,8
2024,마아000049,to_in_001,5
2024,마아000049,to_in_007,0
2024,마아000049,to_in_008,5
2024,마아000050,to_in_001,8
2024,마아000050,to_in_007,5
2024,마아000050,to_in_008,5
2024,마아000062,to_in_001,5
2024,마아000062,to_in_007,0
2024,마아000062,to_in_008,0
2024,마아000063,to_in_001,5
2024,마아000063,to_in_007,5
2024,마아000063,to_in_008,0
2024,마아000065,to_in_001,5
2024,마아000065,to_in_007,5
2024,마아000065,to_in_008,5
2024,마아000066,to_in_001,18
2024,마아000066,to_in_007,8
2024,마아000066,to_in_008,13
2024,마아000067,to_in_001,8
2024,마아000067,to_in_007,5
2024,마아000067,to_in_008,5
2024,마아000070,to_in_001,13
2024,마아000070,to_in_007,8
2024,마아000070,to_in_008,5
2024,마아000072,to_in_001,0
2024,마아000072,to_in_007,0
2024,마아000072,to_in_008,0
2024,마아000073,to_in_001,8
2024,마아000073,to_in_007,5
2024,마아000073,to_in_008,5
2024,마아000074,to_in_001,185
2024,마아000074,to_in_007,95
2024,마아000074,to_in_008,93
2024,마아000075,to_in_001,5
2024,마아000075,to_in_007,0
2024,마아000075,to_in_008,0
2024,마아000076,to_in_001,8
2024,마아000076,to_in_007,8
2024,마아000076,to_in_008,5
2024,마아000087,to_in_001,13
2024,마아000087,to_in_007,8
2024,마아000087,to_in_008,5
2024,마아000088,to_in_001,8
2024,마아000088,to_in_007,8
2024,마아000088,to_in_008,5
2024,마아000126,to_in_001,0
2024,마아000126,to_in_007,0
2024,마아000126,to_in_008,0
2024,마아001005,to_in_001,5
2024,마아001005,to_in_007,0
2024,마아001005,to_in_008,5
2024,마아001007,to_in_001,8
2024,마아001007,to_in_007,8
2024,마아001007,to_in_008,5
2024,마아001011,to_in_001,5
2024,마아001011,to_in_007,0
2024,마아001011,to_in_008,5
2024,마아001030,to_in_001,5
2024,마아001030,to_in_007,5
2024,마아001030,to_in_008,0
2024,마아014093,to_in_001,5
2024,마아014093,to_in_007,5
2024,마아014093,to_in_008,0
2024,마아014096,to_in_001,5
2024,마아014096,to_in_007,0
2024,마아014096,to_in_008,5
2024,마아014104,to_in_001,23
2024,마아014104,to_in_007,8
2024,마아014104,to_in_008,13
2024,마아015040,to_in_001,5
2024,마아015040,to_in_007,5
2024,마아015040,to_in_008,0
2024,마아015093,to_in_001,5
2024,마아015093,to_in_007,5
2024,마아015093,to_in_008,0
2024,마아015096,to_in_001,0
2024,마아015096,to_in_007,0
2024,마아015096,to_in_008,0
2024,마아015106,to_in_001,5
2024,마아015106,to_in_007,0
2024,마아015106,to_in_008,5
2024,마아016048,to_in_001,0
2024,마아016048,to_in_007,0
2024,마아016048,to_in_008,0
2024,마아016050,to_in_001,5
2024,마아016050,to_in_007,0
2024,마아016050,to_in_008,5
2024,마아016094,to_in_001,5
2024,마아016094,to_in_007,0
2024,마아016094,to_in_008,0
2024,마아016096,to_in_001,5
2024,마아016096,to_in_007,0
2024,마아016096,to_in_008,0
2024,마아016099,to_in_001,0
2024,마아016099,to_in_007,0
2024,마아016099,to_in_008,0
2024,마아016100,to_in_001,0
2024,마아016100,to_in_007,0
2024,마아016100,to_in_008,0
2024,마아017038,to_in_001,5
2024,마아017038,to_in_007,5
2024,마아017038,to_in_008,0
2024,마아017039,to_in_001,5
2024,마아017039,to_in_007,5
2024,마아017039,to_in_008,0
2024,마아017051,to_in_001,0
2024,마아017051,to_in_007,0
2024,마아017051,to_in_008,0
2024,마아018048,to_in_001,5
2024,마아018048,to_in_007,5
2024,마아018048,to_in_008,5
2024,마아018098,to_in_001,5
2024,마아018098,to_in_007,0
2024,마아018098,to_in_008,0
2024,마아019054,to_in_001,5
2024,마아019054,to_in_007,0
2024,마아019054,to_in_008,0
2024,마아019089,to_in_001,5
2024,마아019089,to_in_007,0
2024,마아019089,to_in_008,5
2024,마아020050,to_in_001,5
2024,마아020050,to_in_007,0
2024,마아020050,to_in_008,0
2024,마아020053,to_in_001,5
2024,마아020053,to_in_007,0
2024,마아020053,to_in_008,0
2024,마아020054,to_in_001,8
2024,마아020054,to_in_007,8
2024,마아020054,to_in_008,5
2024,마아020088,to_in_001,5
2024,마아020088,to_in_007,5
2024,마아020088,to_in_008,5
2024,마아020090,to_in_001,8
2024,마아020090,to_in_007,5
2024,마아020090,to_in_008,5
2024,마아020091,to_in_001,8
2024,마아020091,to_in_007,0
2024,마아020091,to_in_008,8
2024,마아020104,to_in_001,8
2024,마아020104,to_in_007,5
2024,마아020104,to_in_008,5
2024,마아020105,to_in_001,13
2024,마아020105,to_in_007,5
2024,마아020105,to_in_008,8
2024,마아020106,to_in_001,5
2024,마아020106,to_in_007,5
2024,마아020106,to_in_008,5
2024,마아021053,to_in_001,5
2024,마아021053,to_in_007,5
2024,마아021053,to_in_008,5
2024,마아021067,to_in_001,61
2024,마아021067,to_in_007,18
2024,마아021067,to_in_008,46
2024,마아021092,to_in_001,5
2024,마아021092,to_in_007,5
2024,마아021092,to_in_008,0
2024,마아021096,to_in_001,5
2024,마아021096,to_in_007,5
2024,마아021096,to_in_008,0
2024,마아021101,to_in_001,0
2024,마아021101,to_in_007,0
2024,마아021101,to_in_008,0
2024,마아021105,to_in_001,13
2024,마아021105,to_in_007,8
2024,마아021105,to_in_008,8
2024,마아032077,to_in_001,5
2024,마아032077,to_in_007,0
2024,마아032077,to_in_008,0
2024,마아033000,to_in_001,5
2024,마아033000,to_in_007,5
2024,마아033000,to_in_008,0
2024,마아033076,to_in_001,5
2024,마아033076,to_in_007,0
2024,마아033076,to_in_008,0
2024,마아033077,to_in_001,5
2024,마아033077,to_in_007,5
2024,마아033077,to_in_008,0
2024,마아034001,to_in_001,5
2024,마아034001,to_in_007,0
2024,마아034001,to_in_008,0
2024,마아034020,to_in_001,5
2024,마아034020,to_in_007,0
2024,마아034020,to_in_008,5
2024,마아034021,to_in_001,0
2024,마아034021,to_in_007,0
2024,마아034021,to_in_008,0
2024,마아034068,to_in_001,5
2024,마아034068,to_in_007,0
2024,마아034068,to_in_008,5
2024,마아034070,to_in_001,5
2024,마아034070,to_in_007,0
2024,마아034070,to_in_008,5
2024,마아035000,to_in_001,5
2024,마아035000,to_in_007,5
2024,마아035000,to_in_008,0
2024,마아035001,to_in_001,5
2024,마아035001,to_in_007,0
2024,마아035001,to_in_008,0
2024,마아035002,to_in_001,5
2024,마아035002,to_in_007,0
2024,마아035002,to_in_008,0
2024,마아035003,to_in_001,5
2024,마아035003,to_in_007,0
2024,마아035003,to_in_008,5
2024,마아035007,to_in_001,5
2024,마아035007,to_in_007,5
2024,마아035007,to_in_008,0
2024,마아035011,to_in_001,5
2024,마아035011,to_in_007,0
2024,마아035011,to_in_008,5
2024,마아035020,to_in_001,0
2024,마아035020,to_in_007,0
2024,마아035020,to_in_008,0
2024,마아035021,to_in_001,5
2024,마아035021,to_in_007,5
2024,마아035021,to_in_008,0
2024,마아035022,to_in_001,5
2024,마아035022,to_in_007,5
2024,마아035022,to_in_008,0
2024,마아035023,to_in_001,0
2024,마아035023,to_in_007,0
2024,마아035023,to_in_008,0
2024,마아035030,to_in_001,5
2024,마아035030,to_in_007,5
2024,마아035030,to_in_008,5
2024,마아035047,to_in_001,5
2024,마아035047,to_in_007,0
2024,마아035047,to_in_008,5
2024,마아035058,to_in_001,5
2024,마아035058,to_in_007,0
2024,마아035058,to_in_008,0
2024,마아035068,to_in_001,5
2024,마아035068,to_in_007,0
2024,마아035068,to_in_008,0
2024,마아035069,to_in_001,8
2024,마아035069,to_in_007,8
2024,마아035069,to_in_008,5
2024,마아035070,to_in_001,5
2024,마아035070,to_in_007,0
2024,마아035070,to_in_008,0
2024,마아035071,to_in_001,5
2024,마아035071,to_in_007,0
2024,마아035071,to_in_008,5
2024,마아035072,to_in_001,0
2024,마아035072,to_in_007,0
2024,마아035072,to_in_008,0
2024,마아035075,to_in_001,5
2024,마아035075,to_in_007,5
2024,마아035075,to_in_008,0
2024,마아036010,to_in_001,5
2024,마아036010,to_in_007,0
2024,마아036010,to_in_008,0
2024,마아036020,to_in_001,8
2024,마아036020,to_in_007,8
2024,마아036020,to_in_008,5
2024,마아036021,to_in_001,0
2024,마아036021,to_in_007,0
2024,마아036021,to_in_008,0
2024,마아036022,to_in_001,5
2024,마아036022,to_in_007,0
2024,마아036022,to_in_008,5
2024,마아036023,to_in_001,5
2024,마아036023,to_in_007,5
2024,마아036023,to_in_008,0
2024,마아036024,to_in_001,5
2024,마아036024,to_in_007,0
2024,마아001032,to_in_001,5
2024,마아001032,to_in_007,5
2024,마아001032,to_in_008,0
2024,마아001033,to_in_001,5
2024,마아001033,to_in_007,0
2024,마아001033,to_in_008,5
2024,마아001041,to_in_001,0
2024,마아001041,to_in_007,0
2024,마아001041,to_in_008,0
2024,마아001050,to_in_001,8
2024,마아001050,to_in_007,5
2024,마아001050,to_in_008,5
2024,마아001051,to_in_001,5
2024,마아001051,to_in_007,0
2024,마아001051,to_in_008,0
2024,마아001064,to_in_001,8
2024,마아001064,to_in_007,5
2024,마아001064,to_in_008,5
2024,마아001065,to_in_001,5
2024,마아001065,to_in_007,5
2024,마아001065,to_in_008,0
2024,마아001066,to_in_001,5
2024,마아001066,to_in_007,0
2024,마아001066,to_in_008,5
2024,마아001070,to_in_001,8
2024,마아001070,to_in_007,5
2024,마아001070,to_in_008,5
2024,마아001071,to_in_001,5
2024,마아001071,to_in_007,5
2024,마아001071,to_in_008,0
2024,마아001072,to_in_001,8
2024,마아001072,to_in_007,5
2024,마아001072,to_in_008,5
2024,마아001076,to_in_001,18
2024,마아001076,to_in_007,8
2024,마아001076,to_in_008,8
2024,마아001079,to_in_001,8
2024,마아001079,to_in_007,5
2024,마아001079,to_in_008,5
2024,마아001086,to_in_001,5
2024,마아001086,to_in_007,0
2024,마아001086,to_in_008,0
2024,마아001087,to_in_001,5
2024,마아001087,to_in_007,5
2024,마아001087,to_in_008,5
2024,마아001088,to_in_001,8
2024,마아001088,to_in_007,5
2024,마아001088,to_in_008,8
2024,마아001093,to_in_001,8
2024,마아001093,to_in_007,5
2024,마아001093,to_in_008,5
2024,마아001094,to_in_001,8
2024,마아001094,to_in_007,5
2024,마아001094,to_in_008,8
2024,마아001100,to_in_001,8
2024,마아001100,to_in_007,8
2024,마아001100,to_in_008,5
2024,마아002004,to_in_001,8
2024,마아002004,to_in_007,8
2024,마아002004,to_in_008,5
2024,마아002005,to_in_001,5
2024,마아002005,to_in_007,0
2024,마아002005,to_in_008,0
2024,마아002007,to_in_001,5
2024,마아002007,to_in_007,5
2024,마아002007,to_in_008,5
2024,마아002008,to_in_001,5
2024,마아002008,to_in_007,0
2024,마아002008,to_in_008,0
2024,마아002013,to_in_001,13
2024,마아002013,to_in_007,0
2024,마아002013,to_in_008,13
2024,마아002041,to_in_001,5
2024,마아002041,to_in_007,0
2024,마아002041,to_in_008,0
2024,마아002043,to_in_001,5
2024,마아002043,to_in_007,0
2024,마아002043,to_in_008,0
2024,마아002046,to_in_001,8
2024,마아002046,to_in_007,5
2024,마아002046,to_in_008,5
2024,마아002047,to_in_001,5
2024,마아002047,to_in_007,5
2024,마아002047,to_in_008,0
2024,마아002048,to_in_001,8
2024,마아002048,to_in_007,5
2024,마아002048,to_in_008,5
2024,마아002052,to_in_001,8
2024,마아002052,to_in_007,5
2024,마아002052,to_in_008,8
2024,마아002053,to_in_001,5
2024,마아002053,to_in_007,5
2024,마아002053,to_in_008,0
2024,마아002064,to_in_001,5
2024,마아002064,to_in_007,0
2024,마아002064,to_in_008,5
2024,마아002065,to_in_001,5
2024,마아002065,to_in_007,0
2024,마아002065,to_in_008,5
2024,마아002069,to_in_001,5
2024,마아002069,to_in_007,5
2024,마아002069,to_in_008,0
2024,마아002070,to_in_001,18
2024,마아002070,to_in_007,8
2024,마아002070,to_in_008,8
2024,마아002071,to_in_001,8
2024,마아002071,to_in_007,5
2024,마아002071,to_in_008,5
2024,마아002072,to_in_001,5
2024,마아002072,to_in_007,0
2024,마아002072,to_in_008,0
2024,마아002077,to_in_001,5
2024,마아002077,to_in_007,0
2024,마아002077,to_in_008,0
2024,마아002087,to_in_001,0
2024,마아002087,to_in_007,0
2024,마아002087,to_in_008,0
2024,마아002088,to_in_001,5
2024,마아002088,to_in_007,5
2024,마아002088,to_in_008,0
2024,마아002090,to_in_001,5
2024,마아002090,to_in_007,5
2024,마아002090,to_in_008,5
2024,마아002091,to_in_001,5
2024,마아002091,to_in_007,0
2024,마아002091,to_in_008,0
2024,마아021106,to_in_001,5
2024,마아021106,to_in_007,5
2024,마아021106,to_in_008,5
2024,마아022053,to_in_001,8
2024,마아022053,to_in_007,8
2024,마아022053,to_in_008,5
2024,마아022054,to_in_001,8
2024,마아022054,to_in_007,5
2024,마아022054,to_in_008,5
2024,마아022081,to_in_001,5
2024,마아022081,to_in_007,5
2024,마아022081,to_in_008,0
2024,마아022100,to_in_001,5
2024,마아022100,to_in_007,5
2024,마아022100,to_in_008,0
2024,마아022103,to_in_001,73
2024,마아022103,to_in_007,47
2024,마아022103,to_in_008,29
2024,마아023053,to_in_001,5
2024,마아023053,to_in_007,0
2024,마아023053,to_in_008,0
2024,마아023082,to_in_001,5
2024,마아023082,to_in_007,5
2024,마아023082,to_in_008,0
2024,마아023093,to_in_001,5
2024,마아023093,to_in_007,0
2024,마아023093,to_in_008,5
2024,마아023096,to_in_001,5
2024,마아023096,to_in_007,0
2024,마아023096,to_in_008,0
2024,마아024053,to_in_001,5
2024,마아024053,to_in_007,0
2024,마아024053,to_in_008,0
2024,마아024092,to_in_001,0
2024,마아024092,to_in_007,0
2024,마아024092,to_in_008,0
2024,마아024093,to_in_001,8
2024,마아024093,to_in_007,5
2024,마아024093,to_in_008,5
2024,마아024097,to_in_001,5
2024,마아024097,to_in_007,5
2024,마아024097,to_in_008,0
2024,마아025047,to_in_001,0
2024,마아025047,to_in_007,0
2024,마아025047,to_in_008,0
2024,마아025051,to_in_001,5
2024,마아025051,to_in_007,5
2024,마아025051,to_in_008,0
2024,마아025055,to_in_001,0
2024,마아025055,to_in_007,0
2024,마아025055,to_in_008,0
2024,마아025090,to_in_001,5
2024,마아025090,to_in_007,0
2024,마아025090,to_in_008,0
2024,마아025091,to_in_001,8
2024,마아025091,to_in_007,5
2024,마아025091,to_in_008,5
2024,마아025092,to_in_001,8
2024,마아025092,to_in_007,5
2024,마아025092,to_in_008,5
2024,마아025093,to_in_001,5
2024,마아025093,to_in_007,5
2024,마아025093,to_in_008,5
2024,마아025094,to_in_001,0
2024,마아025094,to_in_007,0
2024,마아025094,to_in_008,0
2024,마아025095,to_in_001,28
2024,마아025095,to_in_007,13
2024,마아025095,to_in_008,13
2024,마아025096,to_in_001,5
2024,마아025096,to_in_007,0
2024,마아025096,to_in_008,0
2024,마아026047,to_in_001,5
2024,마아026047,to_in_007,5
2024,마아026047,to_in_008,0
2024,마아026049,to_in_001,5
2024,마아026049,to_in_007,0
2024,마아026049,to_in_008,5
2024,마아026092,to_in_001,0
2024,마아026092,to_in_007,0
2024,마아026092,to_in_008,0
2024,마아026093,to_in_001,8
2024,마아026093,to_in_007,5
2024,마아026093,to_in_008,5
2024,마아026095,to_in_001,8
2024,마아026095,to_in_007,8
2024,마아026095,to_in_008,5
2024,마아026096,to_in_001,5
2024,마아026096,to_in_007,0
2024,마아026096,to_in_008,5
2024,마아027046,to_in_001,5
2024,마아027046,to_in_007,0
2024,마아027046,to_in_008,5
2024,마아027047,to_in_001,5
2024,마아027047,to_in_007,0
2024,마아027047,to_in_008,5
2024,마아027048,to_in_001,0
2024,마아027048,to_in_007,0
2024,마아027048,to_in_008,0
2024,마아027052,to_in_001,0
2024,마아027052,to_in_007,0
2024,마아027052,to_in_008,0
2024,마아046015,to_in_001,5
2024,마아046015,to_in_007,5
2024,마아046015,to_in_008,0
2024,마아046016,to_in_001,5
2024,마아046016,to_in_007,5
2024,마아046016,to_in_008,0
2024,마아046021,to_in_001,0
2024,마아046021,to_in_007,0
2024,마아046021,to_in_008,0
2024,마아046022,to_in_001,5
2024,마아046022,to_in_007,0
2024,마아046022,to_in_008,5
2024,마아046041,to_in_001,0
2024,마아046041,to_in_007,0
2024,마아046041,to_in_008,0
2024,마아046045,to_in_001,5
2024,마아046045,to_in_007,5
2024,마아046045,to_in_008,0
2024,마아047015,to_in_001,5
2024,마아047015,to_in_007,5
2024,마아047015,to_in_008,5
2024,마아047017,to_in_001,5
2024,마아047017,to_in_007,5
2024,마아047017,to_in_008,5
2024,마아047022,to_in_001,8
2024,마아047022,to_in_007,5
2024,마아047022,to_in_008,5
2024,마아047036,to_in_001,0
2024,마아047036,to_in_007,0
2024,마아047036,to_in_008,0
2024,마아047037,to_in_001,0
2024,마아047037,to_in_007,0
2024,마아047037,to_in_008,0
2024,마아048017,to_in_001,8
2024,마아048017,to_in_007,5
2024,마아048017,to_in_008,5
2024,마아048018,to_in_001,8
2024,마아048018,to_in_007,5
2024,마아048018,to_in_008,5
2024,마아048019,to_in_001,8
2024,마아048019,to_in_007,8
2024,마아048019,to_in_008,5
2024,마아048021,to_in_001,5
2024,마아048021,to_in_007,0
2024,마아048021,to_in_008,5
2024,마아048023,to_in_001,5
2024,마아048023,to_in_007,0
2024,마아048023,to_in_008,0
2024,마아048025,to_in_001,5
2024,마아048025,to_in_007,0
2024,마아048025,to_in_008,0
2024,마아048026,to_in_001,0
2024,마아048026,to_in_007,0
2024,마아048026,to_in_008,0
2024,마아048050,to_in_001,8
2024,마아048050,to_in_007,5
2024,마아048050,to_in_008,5
2024,마아049017,to_in_001,5
2024,마아049017,to_in_007,0
2024,마아049017,to_in_008,5
2024,마아049018,to_in_001,8
2024,마아049018,to_in_007,5
2024,마아049018,to_in_008,5
2024,마아049019,to_in_001,5
2024,마아049019,to_in_007,5
2024,마아006112,to_in_001,8
2024,마아006112,to_in_007,5
2024,마아006112,to_in_008,5
2024,마아006117,to_in_001,5
2024,마아006117,to_in_007,5
2024,마아006117,to_in_008,0
2024,마아007003,to_in_001,8
2024,마아007003,to_in_007,5
2024,마아007003,to_in_008,5
2024,마아007056,to_in_001,5
2024,마아007056,to_in_007,0
2024,마아007056,to_in_008,5
2024,마아007066,to_in_001,5
2024,마아007066,to_in_007,5
2024,마아007066,to_in_008,0
2024,마아007070,to_in_001,0
2024,마아007070,to_in_007,0
2024,마아007070,to_in_008,0
2024,마아007071,to_in_001,0
2024,마아007071,to_in_007,0
2024,마아007071,to_in_008,0
2024,마아007079,to_in_001,0
2024,마아007079,to_in_007,0
2024,마아007079,to_in_008,0
2024,마아007088,to_in_001,0
2024,마아007088,to_in_007,0
2024,마아007088,to_in_008,0
2024,마아007089,to_in_001,5
2024,마아007089,to_in_007,0
2024,마아007089,to_in_008,0
2024,마아007097,to_in_001,5
2024,마아007097,to_in_007,5
2024,마아007097,to_in_008,5
2024,마아007098,to_in_001,5
2024,마아007098,to_in_007,0
2024,마아007098,to_in_008,5
2024,마아007100,to_in_001,8
2024,마아007100,to_in_007,0
2024,마아007100,to_in_008,8
2024,마아007101,to_in_001,5
2024,마아007101,to_in_007,5
2024,마아007101,to_in_008,5
2024,마아007103,to_in_001,5
2024,마아007103,to_in_007,5
2024,마아007103,to_in_008,0
2024,마아007108,to_in_001,0
2024,마아007108,to_in_007,0
2024,마아007108,to_in_008,0
2024,마아007111,to_in_001,5
2024,마아007111,to_in_007,5
2024,마아007111,to_in_008,0
2024,마아007117,to_in_001,8
2024,마아007117,to_in_007,5
2024,마아007117,to_in_008,8
2024,마아007118,to_in_001,5
2024,마아007118,to_in_007,0
2024,마아007118,to_in_008,5
2024,마아008003,to_in_001,5
2024,마아008003,to_in_007,0
2024,마아008003,to_in_008,0
2024,마아008056,to_in_001,5
2024,마아008056,to_in_007,5
2024,마아008056,to_in_008,0
2024,마아008081,to_in_001,5
2024,마아008081,to_in_007,5
2024,마아008081,to_in_008,0
2024,마아008099,to_in_001,0
2024,마아008099,to_in_007,0
2024,마아008099,to_in_008,0
2024,마아008100,to_in_001,5
2024,마아008100,to_in_007,5
2024,마아008100,to_in_008,0
2024,마아008101,to_in_001,8
2024,마아008101,to_in_007,8
2024,마아008101,to_in_008,5
2024,마아008102,to_in_001,0
2024,마아008102,to_in_007,0
2024,마아008102,to_in_008,0
2024,마아008109,to_in_001,5
2024,마아008109,to_in_007,5
2024,마아008109,to_in_008,0
2024,마아008110,to_in_001,5
2024,마아008110,to_in_007,0
2024,마아008110,to_in_008,0
2024,마아008116,to_in_001,5
2024,마아008116,to_in_007,5
2024,마아008116,to_in_008,5
2024,마아009002,to_in_001,5
2024,마아009002,to_in_007,0
2024,마아009002,to_in_008,0
2024,마아009063,to_in_001,5
2024,마아009063,to_in_007,0
2024,마아009063,to_in_008,5
2024,마아009099,to_in_001,8
2024,마아009099,to_in_007,5
2024,마아009099,to_in_008,5
2024,마아009100,to_in_001,0
2024,마아009100,to_in_007,0
2024,마아009100,to_in_008,0
2024,마아009101,to_in_001,5
2024,마아009101,to_in_007,0
2024,마아009101,to_in_008,5
2024,마아009102,to_in_001,5
2024,마아009102,to_in_007,0
2024,마아009102,to_in_008,0
2024,마아009107,to_in_001,5
2024,마아009107,to_in_007,0
2024,마아009107,to_in_008,0
2024,마아009108,to_in_001,0
2024,마아009108,to_in_007,0
2024,마아009108,to_in_008,0
2024,마아009110,to_in_001,0
2024,마아009110,to_in_007,0
2024,마아009110,to_in_008,0
2024,마아010058,to_in_001,0
2024,마아010058,to_in_007,0
2024,마아010058,to_in_008,0
2024,마아027053,to_in_001,5
2024,마아027053,to_in_007,0
2024,마아027053,to_in_008,0
2024,마아027084,to_in_001,5
2024,마아027084,to_in_007,5
2024,마아027084,to_in_008,0
2024,마아027087,to_in_001,5
2024,마아027087,to_in_007,5
2024,마아027087,to_in_008,0
2024,마아027088,to_in_001,5
2024,마아027088,to_in_007,0
2024,마아027088,to_in_008,5
2024,마아027089,to_in_001,5
2024,마아027089,to_in_007,0
2024,마아027089,to_in_008,5
2024,마아027090,to_in_001,13
2024,마아027090,to_in_007,8
2024,마아027090,to_in_008,8
2024,마아027092,to_in_001,8
2024,마아027092,to_in_007,5
2024,마아027092,to_in_008,5
2024,마아027093,to_in_001,28
2024,마아027093,to_in_007,13
2024,마아027093,to_in_008,18
2024,마아027094,to_in_001,23
2024,마아027094,to_in_007,13
2024,마아027094,to_in_008,8
2024,마아027095,to_in_001,5
2024,마아027095,to_in_007,5
2024,마아027095,to_in_008,5
2024,마아027098,to_in_001,5
2024,마아027098,to_in_007,5
2024,마아027098,to_in_008,0
2024,마아028045,to_in_001,5
2024,마아028045,to_in_007,5
2024,마아028045,to_in_008,5
2024,마아028046,to_in_001,0
2024,마아028046,to_in_007,0
2024,마아028046,to_in_008,0
2024,마아028091,to_in_001,5
2024,마아028091,to_in_007,0
2024,마아028091,to_in_008,0
2024,마아028092,to_in_001,5
2024,마아028092,to_in_007,5
2024,마아028092,to_in_008,0
2024,마아028093,to_in_001,5
2024,마아028093,to_in_007,5
2024,마아028093,to_in_008,5
2024,마아028094,to_in_001,8
2024,마아028094,to_in_007,8
2024,마아028094,to_in_008,5
2024,마아028095,to_in_001,15
2024,마아028095,to_in_007,15
2024,마아028095,to_in_008,0
2024,마아029050,to_in_001,5
2024,마아029050,to_in_007,0
2024,마아029050,to_in_008,5
2024,마아029075,to_in_001,0
2024,마아029075,to_in_007,0
2024,마아029075,to_in_008,0
2024,마아029083,to_in_001,5
2024,마아029083,to_in_007,5
2024,마아029083,to_in_008,5
2024,마아030049,to_in_001,8
2024,마아030049,to_in_007,5
2024,마아030049,to_in_008,5
2024,마아030050,to_in_001,0
2024,마아030050,to_in_007,0
2024,마아030050,to_in_008,0
2024,마아030074,to_in_001,5
2024,마아030074,to_in_007,5
2024,마아030074,to_in_008,5
2024,마아030076,to_in_001,5
2024,마아030076,to_in_007,5
2024,마아030076,to_in_008,0
2024,마아030078,to_in_001,13
2024,마아030078,to_in_007,5
2024,마아030078,to_in_008,8
2024,마아030079,to_in_001,8
2024,마아030079,to_in_007,0
2024,마아030079,to_in_008,8
2024,마아031020,to_in_001,5
2024,마아031020,to_in_007,0
2024,마아031020,to_in_008,5
2024,마아031048,to_in_001,5
2024,마아031048,to_in_007,0
2024,마아031048,to_in_008,5
2024,마아031049,to_in_001,8
2024,마아031049,to_in_007,5
2024,마아031049,to_in_008,5
2024,마아031050,to_in_001,5
2024,마아031050,to_in_007,5
2024,마아031050,to_in_008,5
2024,마아031078,to_in_001,5
2024,마아031078,to_in_007,5
2024,마아031078,to_in_008,5
2024,마아031080,to_in_001,5
2024,마아031080,to_in_007,0
2024,마아031080,to_in_008,5
2024,마아032048,to_in_001,8
2024,마아032048,to_in_007,5
2024,마아032048,to_in_008,5
2024,마아032076,to_in_001,5
2024,마아032076,to_in_007,5
2024,마아032076,to_in_008,0
2024,마아052025,to_in_001,0
2024,마아052025,to_in_007,0
2024,마아052025,to_in_008,0
2024,마아053007,to_in_001,5
2024,마아053007,to_in_007,5
2024,마아053007,to_in_008,0
2024,마아053021,to_in_001,5
2024,마아053021,to_in_007,5
2024,마아053021,to_in_008,5
2024,마아053025,to_in_001,5
2024,마아053025,to_in_007,5
2024,마아053025,to_in_008,5
2024,마아053026,to_in_001,0
2024,마아053026,to_in_007,0
2024,마아053026,to_in_008,0
2024,마아054022,to_in_001,13
2024,마아054022,to_in_007,8
2024,마아054022,to_in_008,8
2024,마아054023,to_in_001,8
2024,마아054023,to_in_007,5
2024,마아054023,to_in_008,5
2024,마아054024,to_in_001,5
2024,마아054024,to_in_007,0
2024,마아054024,to_in_008,0
2024,마아054026,to_in_001,5
2024,마아054026,to_in_007,5
2024,마아054026,to_in_008,0
2024,마아054045,to_in_001,5
2024,마아054045,to_in_007,0
2024,마아054045,to_in_008,5
2024,마아055023,to_in_001,5
2024,마아055023,to_in_007,5
2024,마아055023,to_in_008,0
2024,마아055032,to_in_001,8
2024,마아055032,to_in_007,5
2024,마아055032,to_in_008,5
2024,마아055033,to_in_001,13
2024,마아055033,to_in_007,8
2024,마아055033,to_in_008,8
2024,마아056031,to_in_001,0
2024,마아056031,to_in_007,0
2024,마아056031,to_in_008,0
2024,마아056032,to_in_001,8
2024,마아056032,to_in_007,5
2024,마아056032,to_in_008,8
2024,마아056033,to_in_001,8
2024,마아056033,to_in_007,5
2024,마아056033,to_in_008,5
2024,마아056037,to_in_001,5
2024,마아056037,to_in_007,0
2024,마아056037,to_in_008,5
2024,마아057024,to_in_001,5
2024,마아057024,to_in_007,0
2024,마아057024,to_in_008,5
2024,마아057028,to_in_001,5
2024,마아057028,to_in_007,0
2024,마아057028,to_in_008,0
2024,마아057029,to_in_001,5
2024,마아057029,to_in_007,0
2024,마아057029,to_in_008,0
2024,마아057030,to_in_001,5
2024,마아057030,to_in_007,5
2024,마아057030,to_in_008,0
2024,마아057031,to_in_001,8
2024,마아057031,to_in_007,0
2024,마아057031,to_in_008,8
2024,마아057032,to_in_001,18
2024,마아057032,to_in_007,8
2024,마아057032,to_in_008,8
2024,마아057033,to_in_001,8
2024,마아057033,to_in_007,5
2024,마아057033,to_in_008,5
2024,마아057038,to_in_001,8
2024,마아057038,to_in_007,5
2024,마아057038,to_in_008,5
2024,마아057041,to_in_001,5
2024,마아057041,to_in_007,0
2024,마아057041,to_in_008,0
2024,마아057043,to_in_001,8
2024,마아057043,to_in_007,5
2024,마아057043,to_in_008,5
2024,마아057044,to_in_001,8
2024,마아057044,to_in_007,5
2024,마아057044,to_in_008,5
2024,마아058028,to_in_001,0
2024,마아058028,to_in_007,0
2024,마아058028,to_in_008,0
2024,마아058029,to_in_001,13
2024,마아058029,to_in_007,8
2024,마아058029,to_in_008,8
2024,마아058030,to_in_001,0
2024,마아058030,to_in_007,0
2024,마아058030,to_in_008,0
2024,마아058031,to_in_001,8
2024,마아058031,to_in_007,5
2024,마아058031,to_in_008,5
2024,마아058032,to_in_001,5
2024,마아058032,to_in_007,5
2024,마아058032,to_in_008,0
2024,마아058039,to_in_001,5
2024,마아058039,to_in_007,0
2024,마아058039,to_in_008,5
2024,마아058040,to_in_001,5
2024,마아058040,to_in_007,0
2024,마아058040,to_in_008,0
2024,마아058043,to_in_001,0
2024,마아058043,to_in_007,0
2024,마아058043,to_in_008,0
2024,마아058044,to_in_001,8
2024,마아058044,to_in_007,5
2024,마아058044,to_in_008,5
2024,마아059032,to_in_001,5
2024,마아059032,to_in_007,5
2024,마아059032,to_in_008,0
2024,마아059038,to_in_001,122
2024,마아059038,to_in_007,68
2024,마아059038,to_in_008,57
2024,마아060031,to_in_001,5
2024,마아060031,to_in_007,0
2024,마아060031,to_in_008,5
2024,마아060038,to_in_001,163
2024,마아060038,to_in_007,89
2024,마아060038,to_in_008,77
2024,마아040052,to_in_008,8
2024,마아040053,to_in_001,0
2024,마아040053,to_in_007,0
2024,마아040053,to_in_008,0
2024,마아040059,to_in_001,5
2024,마아040059,to_in_007,0
2024,마아040059,to_in_008,5
2024,마아040060,to_in_001,5
2024,마아040060,to_in_007,5
2024,마아040060,to_in_008,0
2024,마아040062,to_in_001,5
2024,마아040062,to_in_007,0
2024,마아040062,to_in_008,0
2024,마아040065,to_in_001,0
2024,마아040065,to_in_007,0
2024,마아040065,to_in_008,0
2024,마아040066,to_in_001,5
2024,마아040066,to_in_007,0
2024,마아040066,to_in_008,5
2024,마아041017,to_in_001,5
2024,마아041017,to_in_007,5
2024,마아041017,to_in_008,5
2024,마아041051,to_in_001,5
2024,마아041051,to_in_007,0
2024,마아041051,to_in_008,5
2024,마아041054,to_in_001,5
2024,마아041054,to_in_007,0
2024,마아041054,to_in_008,5
2024,마아041059,to_in_001,5
2024,마아041059,to_in_007,5
2024,마아041059,to_in_008,0
2024,마아041060,to_in_001,0
2024,마아041060,to_in_007,0
2024,마아041060,to_in_008,0
2024,마아041061,to_in_001,8
2024,마아041061,to_in_007,8
2024,마아041061,to_in_008,5
2024,마아041064,to_in_001,5
2024,마아041064,to_in_007,0
2024,마아041064,to_in_008,5
2024,마아042046,to_in_001,5
2024,마아042046,to_in_007,5
2024,마아042046,to_in_008,0
2024,마아042056,to_in_001,5
2024,마아042056,to_in_007,5
2024,마아042056,to_in_008,0
2024,마아042059,to_in_001,0
2024,마아042059,to_in_007,0
2024,마아042059,to_in_008,0
2024,마아042063,to_in_001,5
2024,마아042063,to_in_007,0
2024,마아042063,to_in_008,0
2024,마아042064,to_in_001,5
2024,마아042064,to_in_007,0
2024,마아042064,to_in_008,0
2024,마아043040,to_in_001,0
2024,마아043040,to_in_007,0
2024,마아043040,to_in_008,0
2024,마아043056,to_in_001,0
2024,마아043056,to_in_007,0
2024,마아043056,to_in_008,0
2024,마아043059,to_in_001,5
2024,마아043059,to_in_007,5
2024,마아043059,to_in_008,0
2024,마아044020,to_in_001,0
2024,마아044020,to_in_007,0
2024,마아044020,to_in_008,0
2024,마아046014,to_in_001,0
2024,마아046014,to_in_007,0
2024,마아046014,to_in_008,0
2024,마아077029,to_in_001,5
2024,마아077029,to_in_007,0
2024,마아077029,to_in_008,5
2024,마아077030,to_in_001,8
2024,마아077030,to_in_007,8
2024,마아077030,to_in_008,8
2024,마아078005,to_in_001,5
2024,마아078005,to_in_007,0
2024,마아078005,to_in_008,0
2024,마아078006,to_in_001,5
2024,마아078006,to_in_007,5
2024,마아078006,to_in_008,0
2024,마아078007,to_in_001,5
2024,마아078007,to_in_007,0
2024,마아078007,to_in_008,0
2024,마아078013,to_in_001,5
2024,마아078013,to_in_007,0
2024,마아078013,to_in_008,0
2024,마아078015,to_in_001,8
2024,마아078015,to_in_007,8
2024,마아078015,to_in_008,0
2024,마아078016,to_in_001,5
2024,마아078016,to_in_007,0
2024,마아078016,to_in_008,0
2024,마아078017,to_in_001,28
2024,마아078017,to_in_007,18
2024,마아078017,to_in_008,8
2024,마아078027,to_in_001,5
2024,마아078027,to_in_007,0
2024,마아078027,to_in_008,0
2024,마아078028,to_in_001,5
2024,마아078028,to_in_007,5
2024,마아078028,to_in_008,5
2024,마아078031,to_in_001,5
2024,마아078031,to_in_007,0
2024,마아078031,to_in_008,0
2024,마아079007,to_in_001,5
2024,마아079007,to_in_007,5
2024,마아079007,to_in_008,0
2024,마아079013,to_in_001,0
2024,마아079013,to_in_007,0
2024,마아079013,to_in_008,0
2024,마아079014,to_in_001,8
2024,마아079014,to_in_007,8
2024,마아079014,to_in_008,0
2024,마아079015,to_in_001,15
2024,마아079015,to_in_007,12
2024,마아079015,to_in_008,5
2024,마아079016,to_in_001,36
2024,마아079016,to_in_007,21
2024,마아079016,to_in_008,13
2024,마아079017,to_in_001,70
2024,마아079017,to_in_007,40
2024,마아079017,to_in_008,28
2024,마아080010,to_in_001,0
2024,마아080010,to_in_007,0
2024,마아080010,to_in_008,0
2024,마아080011,to_in_001,0
2024,마아080011,to_in_007,0
2024,마아080011,to_in_008,0
2024,마아080013,to_in_001,0
2024,마아080013,to_in_007,0
2024,마아080013,to_in_008,0
2024,마아080014,to_in_001,5
2024,마아080014,to_in_007,0
2024,마아080014,to_in_008,0
2024,마아080016,to_in_001,5
2024,마아080016,to_in_007,5
2024,마아080016,to_in_008,5
2024,마아080017,to_in_001,13
2024,마아080017,to_in_007,8
2024,마아080017,to_in_008,5
2024,마아081012,to_in_001,5
2024,마아081012,to_in_007,5
2024,마아081012,to_in_008,0
2024,마아085001,to_in_001,5
2024,마아085001,to_in_007,5
2024,마아085001,to_in_008,5
2024,마아086002,to_in_001,5
2024,마아086002,to_in_007,5
2024,마아086002,to_in_008,5
2024,마아036024,to_in_008,5
2024,마아036025,to_in_001,8
2024,마아036025,to_in_007,8
2024,마아036025,to_in_008,8
2024,마아036026,to_in_001,8
2024,마아036026,to_in_007,5
2024,마아036026,to_in_008,5
2024,마아061031,to_in_001,5
2024,마아061031,to_in_007,0
2024,마아061031,to_in_008,5
2024,마아061032,to_in_001,5
2024,마아061032,to_in_007,5
2024,마아061032,to_in_008,0
2024,마아061039,to_in_001,5
2024,마아061039,to_in_007,5
2024,마아061039,to_in_008,5
2024,마아062031,to_in_001,5
2024,마아062031,to_in_007,5
2024,마아062031,to_in_008,5
2024,마아062032,to_in_001,18
2024,마아062032,to_in_007,8
2024,마아062032,to_in_008,8
2024,마아062033,to_in_001,5
2024,마아062033,to_in_007,5
2024,마아062033,to_in_008,0
2024,마아062036,to_in_001,5
2024,마아062036,to_in_007,0
2024,마아062036,to_in_008,0
2024,마아063030,to_in_001,5
2024,마아063030,to_in_007,0
2024,마아063030,to_in_008,0
2024,마아063031,to_in_001,5
2024,마아063031,to_in_007,5
2024,마아063031,to_in_008,5
2024,마아064031,to_in_001,5
2024,마아064031,to_in_007,5
2024,마아064031,to_in_008,0
2024,마아064034,to_in_001,18
2024,마아064034,to_in_007,8
2024,마아064034,to_in_008,8
2024,마아064035,to_in_001,5
2024,마아064035,to_in_007,0
2024,마아064035,to_in_008,5
2024,마아065026,to_in_001,5
2024,마아065026,to_in_007,0
2024,마아065026,to_in_008,5
2024,마아065030,to_in_001,8
2024,마아065030,to_in_007,5
2024,마아065030,to_in_008,5
2024,마아065031,to_in_001,5
2024,마아065031,to_in_007,0
2024,마아065031,to_in_008,5
2024,마아066030,to_in_001,8
2024,마아066030,to_in_007,8
2024,마아066030,to_in_008,5
2024,마아068013,to_in_001,5
2024,마아068013,to_in_007,0
2024,마아068013,to_in_008,0
2024,마아068016,to_in_001,5
2024,마아068016,to_in_007,0
2024,마아068016,to_in_008,0
2024,마아069022,to_in_001,5
2024,마아069022,to_in_007,0
2024,마아069022,to_in_008,0
2024,마아069023,to_in_001,0
2024,마아069023,to_in_007,0
2024,마아069023,to_in_008,0
2024,마아069024,to_in_001,0
2024,마아069024,to_in_007,0
2024,마아069024,to_in_008,0
2024,마아069026,to_in_001,5
2024,마아069026,to_in_007,0
2024,마아069026,to_in_008,0
2024,마아069032,to_in_001,5
2024,마아069032,to_in_007,0
2024,마아069032,to_in_008,0
2024,마아070027,to_in_001,5
2024,마아070027,to_in_007,0
2024,마아070027,to_in_008,0
2024,마아070028,to_in_001,5
2024,마아070028,to_in_007,0
2024,마아070028,to_in_008,5
2024,마아070031,to_in_001,8
2024,마아070031,to_in_007,5
2024,마아070031,to_in_008,5
2024,마아071027,to_in_001,8
2024,마아071027,to_in_007,8
2024,마아071027,to_in_008,5
2024,마아071028,to_in_001,8
2024,마아071028,to_in_007,8
2024,마아071028,to_in_008,5
2024,마아071030,to_in_001,23
2024,마아071030,to_in_007,13
2024,마아071030,to_in_008,8
2024,마아071031,to_in_001,5
2024,마아071031,to_in_007,0
2024,마아071031,to_in_008,5
2024,마아071034,to_in_001,5
2024,마아071034,to_in_007,0
2024,마아071034,to_in_008,0
2024,마아072000,to_in_001,5
2024,마아072000,to_in_007,5
2024,마아072000,to_in_008,0
2024,마아072027,to_in_001,5
2024,마아072027,to_in_007,0
2024,마아072027,to_in_008,0
2024,마아072028,to_in_001,33
2024,마아072028,to_in_007,18
2024,마아072028,to_in_008,13
2024,마아072029,to_in_001,18
2024,마아072029,to_in_007,8
2024,마아072029,to_in_008,8
2024,마아072030,to_in_001,5
2024,마아072030,to_in_007,0
2024,마아072030,to_in_008,5
2024,마아072031,to_in_001,5
2024,마아072031,to_in_007,5
2024,마아072031,to_in_008,0
2024,마아072032,to_in_001,13
2024,마아072032,to_in_007,5
2024,마아072032,to_in_008,8
2024,마아072033,to_in_001,5
2024,마아072033,to_in_007,0
2024,마아072033,to_in_008,0
2024,마아073009,to_in_001,5
2024,마아073009,to_in_007,5
2024,마아073009,to_in_008,0
2024,마아073017,to_in_001,11
2024,마아073017,to_in_007,11
2024,마아073017,to_in_008,0
2024,마아073028,to_in_001,33
2024,마아073028,to_in_007,18
2024,마아073028,to_in_008,18
2024,마아073029,to_in_001,5
2024,마아073029,to_in_007,5
2024,마아073029,to_in_008,0
2024,마아049019,to_in_008,5
2024,마아049021,to_in_001,8
2024,마아049021,to_in_007,8
2024,마아049021,to_in_008,5
2024,마아049022,to_in_001,8
2024,마아049022,to_in_007,5
2024,마아049022,to_in_008,5
2024,마아049023,to_in_001,5
2024,마아049023,to_in_007,0
2024,마아049023,to_in_008,5
2024,마아049047,to_in_001,8
2024,마아049047,to_in_007,5
2024,마아049047,to_in_008,5
2024,마아049048,to_in_001,8
2024,마아049048,to_in_007,5
2024,마아049048,to_in_008,5
2024,마아049049,to_in_001,23
2024,마아049049,to_in_007,13
2024,마아049049,to_in_008,13
2024,마아049050,to_in_001,5
2024,마아049050,to_in_007,0
2024,마아049050,to_in_008,5
2024,마아050015,to_in_001,5
2024,마아050015,to_in_007,0
2024,마아050015,to_in_008,0
2024,마아050019,to_in_001,5
2024,마아050019,to_in_007,5
2024,마아050019,to_in_008,0
2024,마아050021,to_in_001,5
2024,마아050021,to_in_007,0
2024,마아050021,to_in_008,0
2024,마아050022,to_in_001,5
2024,마아050022,to_in_007,0
2024,마아050022,to_in_008,5
2024,마아050023,to_in_001,8
2024,마아050023,to_in_007,8
2024,마아050023,to_in_008,5
2024,마아050049,to_in_001,18
2024,마아050049,to_in_007,8
2024,마아050049,to_in_008,8
2024,마아051014,to_in_001,5
2024,마아051014,to_in_007,0
2024,마아051014,to_in_008,0
2024,마아051019,to_in_001,8
2024,마아051019,to_in_007,5
2024,마아051019,to_in_008,5
2024,마아051021,to_in_001,5
2024,마아051021,to_in_007,0
2024,마아051021,to_in_008,5
2024,마아051023,to_in_001,8
2024,마아051023,to_in_007,8
2024,마아051023,to_in_008,5
2024,마아051026,to_in_001,8
2024,마아051026,to_in_007,5
2024,마아051026,to_in_008,5
2024,마아052019,to_in_001,0
2024,마아052019,to_in_007,0
2024,마아052019,to_in_008,0
2024,마아052020,to_in_001,5
2024,마아052020,to_in_007,0
2024,마아052020,to_in_008,5
2024,마아052021,to_in_001,0
2024,마아052021,to_in_007,0
2024,마아052021,to_in_008,0
2024,마아052023,to_in_001,8
2024,마아052023,to_in_007,8
2024,마아052023,to_in_008,5
2024,마아052024,to_in_001,5
2024,마아052024,to_in_007,0
2024,마아052024,to_in_008,0
2024,마아073030,to_in_001,5
2024,마아073030,to_in_007,5
2024,마아073030,to_in_008,0
2024,마아073031,to_in_001,28
2024,마아073031,to_in_007,13
2024,마아073031,to_in_008,13
2024,마아073032,to_in_001,5
2024,마아073032,to_in_007,5
2024,마아073032,to_in_008,0
2024,마아074005,to_in_001,0
2024,마아074005,to_in_007,0
2024,마아074005,to_in_008,0
2024,마아074006,to_in_001,5
2024,마아074006,to_in_007,0
2024,마아074006,to_in_008,5
2024,마아074007,to_in_001,8
2024,마아074007,to_in_007,5
2024,마아074007,to_in_008,5
2024,마아074009,to_in_001,5
2024,마아074009,to_in_007,0
2024,마아074009,to_in_008,5
2024,마아074016,to_in_001,0
2024,마아074016,to_in_007,0
2024,마아074016,to_in_008,0
2024,마아074027,to_in_001,5
2024,마아074027,to_in_007,0
2024,마아074027,to_in_008,5
2024,마아074028,to_in_001,28
2024,마아074028,to_in_007,18
2024,마아074028,to_in_008,8
2024,마아074029,to_in_001,8
2024,마아074029,to_in_007,5
2024,마아074029,to_in_008,5
2024,마아074030,to_in_001,13
2024,마아074030,to_in_007,8
2024,마아074030,to_in_008,8
2024,마아074031,to_in_001,5
2024,마아074031,to_in_007,0
2024,마아074031,to_in_008,5
2024,마아074032,to_in_001,5
2024,마아074032,to_in_007,5
2024,마아074032,to_in_008,5
2024,마아075005,to_in_001,5
2024,마아075005,to_in_007,5
2024,마아075005,to_in_008,0
2024,마아075006,to_in_001,5
2024,마아075006,to_in_007,0
2024,마아075006,to_in_008,0
2024,마아075007,to_in_001,13
2024,마아075007,to_in_007,8
2024,마아075007,to_in_008,8
2024,마아075008,to_in_001,5
2024,마아075008,to_in_007,0
2024,마아075008,to_in_008,0
2024,마아075016,to_in_001,5
2024,마아075016,to_in_007,5
2024,마아075016,to_in_008,0
2024,마아075024,to_in_001,13
2024,마아075024,to_in_007,8
2024,마아075024,to_in_008,5
2024,마아075027,to_in_001,8
2024,마아075027,to_in_007,5
2024,마아075027,to_in_008,5
2024,마아075028,to_in_001,43
2024,마아075028,to_in_007,18
2024,마아075028,to_in_008,23
2024,마아075029,to_in_001,8
2024,마아075029,to_in_007,5
2024,마아075029,to_in_008,8
2024,마아075030,to_in_001,8
2024,마아075030,to_in_007,5
2024,마아075030,to_in_008,5
2024,마아076005,to_in_001,5
2024,마아076005,to_in_007,0
2024,마아076005,to_in_008,0
2024,마아076006,to_in_001,5
2024,마아076006,to_in_007,0
2024,마아076006,to_in_008,5
2024,마아076007,to_in_001,0
2024,마아076007,to_in_007,0
2024,마아076007,to_in_008,0
2024,마아076008,to_in_001,13
2024,마아076008,to_in_007,8
2024,마아076008,to_in_008,8
2024,마아076017,to_in_001,18
2024,마아076017,to_in_007,13
2024,마아076017,to_in_008,8
2024,마아076027,to_in_001,5
2024,마아076027,to_in_007,5
2024,마아076027,to_in_008,0
2024,마아076028,to_in_001,13
2024,마아076028,to_in_007,5
2024,마아076028,to_in_008,8
2024,마아076029,to_in_001,8
2024,마아076029,to_in_007,8
2024,마아076029,to_in_008,8
2024,마아076030,to_in_001,0
2024,마아076030,to_in_007,0
2024,마아076030,to_in_008,0
2024,마아077006,to_in_001,8
2024,마아077006,to_in_007,5
2024,마아077006,to_in_008,8
2024,마아077007,to_in_001,5
2024,마아077007,to_in_007,5
2024,마아077007,to_in_008,0
2024,마아077008,to_in_001,8
2024,마아077008,to_in_007,5
2024,마아077008,to_in_008,8
2024,마아077009,to_in_001,5
2024,마아077009,to_in_007,0
2024,마아077009,to_in_008,0
2024,마아077013,to_in_001,23
2024,마아077013,to_in_007,13
2024,마아077013,to_in_008,8
2024,마아077014,to_in_001,5
2024,마아077014,to_in_007,5
2024,마아077014,to_in_008,0
2024,마아077017,to_in_001,33
2024,마아077017,to_in_007,23
2024,마아077017,to_in_008,13
2024,마아077020,to_in_001,0
2024,마아077020,to_in_007,0
2024,마아077020,to_in_008,0
2024,마아036070,to_in_007,5
2024,마아036070,to_in_008,8
2024,마아036071,to_in_001,13
2024,마아036071,to_in_007,8
2024,마아036071,to_in_008,8
2024,마아036072,to_in_001,18
2024,마아036072,to_in_007,8
2024,마아036072,to_in_008,8
2024,마아037024,to_in_001,0
2024,마아037024,to_in_007,0
2024,마아037024,to_in_008,0
2024,마아037025,to_in_001,5
2024,마아037025,to_in_007,5
2024,마아037025,to_in_008,5
2024,마아037026,to_in_001,5
2024,마아037026,to_in_007,0
2024,마아037026,to_in_008,5
2024,마아037027,to_in_001,0
2024,마아037027,to_in_007,0
2024,마아037027,to_in_008,0
2024,마아037028,to_in_001,5
2024,마아037028,to_in_007,0
2024,마아037028,to_in_008,5
2024,마아037030,to_in_001,0
2024,마아037030,to_in_007,0
2024,마아037030,to_in_008,0
2024,마아037052,to_in_001,5
2024,마아037052,to_in_007,0
2024,마아037052,to_in_008,5
2024,마아037053,to_in_001,5
2024,마아037053,to_in_007,0
2024,마아037053,to_in_008,5
2024,마아037054,to_in_001,8
2024,마아037054,to_in_007,5
2024,마아037054,to_in_008,8
2024,마아037055,to_in_001,5
2024,마아037055,to_in_007,5
2024,마아037055,to_in_008,0
2024,마아037065,to_in_001,5
2024,마아037065,to_in_007,5
2024,마아037065,to_in_008,0
2024,마아037066,to_in_001,5
2024,마아037066,to_in_007,5
2024,마아037066,to_in_008,0
2024,마아037068,to_in_001,5
2024,마아037068,to_in_007,0
2024,마아037068,to_in_008,0
2024,마아037069,to_in_001,5
2024,마아037069,to_in_007,0
2024,마아037069,to_in_008,0
2024,마아037070,to_in_001,8
2024,마아037070,to_in_007,8
2024,마아037070,to_in_008,0
2024,마아038030,to_in_001,0
2024,마아038030,to_in_007,0
2024,마아038030,to_in_008,0
2024,마아038050,to_in_001,8
2024,마아038050,to_in_007,5
2024,마아038050,to_in_008,5
2024,마아038051,to_in_001,18
2024,마아038051,to_in_007,8
2024,마아038051,to_in_008,8
2024,마아038052,to_in_001,8
2024,마아038052,to_in_007,5
2024,마아038052,to_in_008,8
2024,마아038053,to_in_001,13
2024,마아038053,to_in_007,5
2024,마아038053,to_in_008,8
2024,마아038054,to_in_001,13
2024,마아038054,to_in_007,8
2024,마아038054,to_in_008,8
2024,마아038055,to_in_001,5
2024,마아038055,to_in_007,5
2024,마아038055,to_in_008,0
2024,마아038063,to_in_001,8
2024,마아038063,to_in_007,5
2024,마아038063,to_in_008,5
2024,마아038064,to_in_001,8
2024,마아038064,to_in_007,0
2024,마아038064,to_in_008,5
2024,마아038065,to_in_001,5
2024,마아038065,to_in_007,5
2024,마아038065,to_in_008,5
2024,마아038066,to_in_001,0
2024,마아038066,to_in_007,0
2024,마아038066,to_in_008,0
2024,마아038067,to_in_001,5
2024,마아038067,to_in_007,0
2024,마아038067,to_in_008,0
2024,마아038069,to_in_001,5
2024,마아038069,to_in_007,5
2024,마아038069,to_in_008,0
2024,마아038070,to_in_001,0
2024,마아038070,to_in_007,0
2024,마아038070,to_in_008,0
