2024,사사008495,to_in_001,38
2024,사사008495,to_in_007,23
2024,사사008495,to_in_008,18
2024,사사008497,to_in_001,5
2024,사사008497,to_in_007,5
2024,사사008497,to_in_008,0
2024,사사008537,to_in_001,0
2024,사사008537,to_in_007,0
2024,사사008537,to_in_008,0
2024,사사008541,to_in_001,8
2024,사사008541,to_in_007,8
2024,사사008541,to_in_008,5
2024,사사008542,to_in_001,5
2024,사사008542,to_in_007,0
2024,사사008542,to_in_008,0
2024,사사008550,to_in_001,8
2024,사사008550,to_in_007,0
2024,사사008550,to_in_008,8
2024,사사009481,to_in_001,59
2024,사사009481,to_in_007,28
2024,사사009481,to_in_008,34
2024,사사009482,to_in_001,76
2024,사사009482,to_in_007,44
2024,사사009482,to_in_008,35
2024,사사009483,to_in_001,67
2024,사사009483,to_in_007,41
2024,사사009483,to_in_008,29
2024,사사009484,to_in_001,13
2024,사사009484,to_in_007,8
2024,사사009484,to_in_008,8
2024,사사009485,to_in_001,67
2024,사사009485,to_in_007,28
2024,사사009485,to_in_008,37
2024,사사009486,to_in_001,93
2024,사사001480,to_in_001,29
2024,사사001480,to_in_007,19
2024,사사001480,to_in_008,8
2024,사사001481,to_in_001,0
2024,사사001481,to_in_007,0
2024,사사001481,to_in_008,0
2024,사사001482,to_in_001,8
2024,사사001482,to_in_007,5
2024,사사001482,to_in_008,5
2024,사사001495,to_in_001,5
2024,사사001495,to_in_007,0
2024,사사001495,to_in_008,0
2024,사사001536,to_in_001,5
2024,사사001536,to_in_007,0
2024,사사001536,to_in_008,0
2024,사사001540,to_in_001,5
2024,사사001540,to_in_007,0
2024,사사001540,to_in_008,0
2024,사사002471,to_in_001,5
2024,사사002471,to_in_007,0
2024,사사002471,to_in_008,0
2024,사사002472,to_in_001,18
2024,사사002472,to_in_007,13
2024,사사002472,to_in_008,8
2024,사사002476,to_in_001,13
2024,사사002476,to_in_007,8
2024,사사002476,to_in_008,5
2024,사사002480,to_in_001,8
2024,사사002480,to_in_007,8
2024,사사002480,to_in_008,5
2024,사사002495,to_in_001,8
2024,사사002495,to_in_007,0
2024,사사002495,to_in_008,5
2024,사사002533,to_in_001,8
2024,사사002533,to_in_007,5
2024,사사002533,to_in_008,8
2024,사사003472,to_in_001,5
2024,사사003472,to_in_007,0
2024,사사003472,to_in_008,0
2024,사사003478,to_in_001,8
2024,사사003478,to_in_007,5
2024,사사003478,to_in_008,5
2024,사사003479,to_in_001,5
2024,사사003479,to_in_007,0
2024,사사003479,to_in_008,5
2024,사사003485,to_in_001,0
2024,사사003485,to_in_007,0
2024,사사003485,to_in_008,0
2024,사사003496,to_in_001,5
2024,사사003496,to_in_007,5
2024,사사003496,to_in_008,0
2024,사사003537,to_in_001,5
2024,사사003537,to_in_007,0
2024,사사003537,to_in_008,5
2024,사사004473,to_in_001,5
2024,사사004473,to_in_007,0
2024,사사004473,to_in_008,5
2024,사사004474,to_in_001,5
2024,사사004474,to_in_007,5
2024,사사004474,to_in_008,0
2024,사사004475,to_in_001,23
2024,사사004475,to_in_007,18
2024,사사004475,to_in_008,8
2024,사사004476,to_in_001,5
2024,사사004476,to_in_007,0
2024,사사004476,to_in_008,5
2024,사사004477,to_in_001,29
2024,사사004477,to_in_007,24
2024,사사004477,to_in_008,8
2024,사사004478,to_in_001,5
2024,사사004478,to_in_007,5
2024,사사004478,to_in_008,0
2024,사사004481,to_in_001,18
2024,사사004481,to_in_007,18
2024,사사004481,to_in_008,5
2024,사사004483,to_in_001,5
2024,사사004483,to_in_007,5
2024,사사004483,to_in_008,5
2024,사사004485,to_in_001,0
2024,사사004485,to_in_007,0
2024,사사004485,to_in_008,0
2024,사사004495,to_in_001,13
2024,사사004495,to_in_007,8
2024,사사004495,to_in_008,8
2024,사사005473,to_in_001,5
2024,사사005473,to_in_007,5
2024,사사005473,to_in_008,0
2024,사사005475,to_in_001,5
2024,사사005475,to_in_007,0
2024,사사005475,to_in_008,5
2024,사사005477,to_in_001,8
2024,사사005477,to_in_007,8
2024,사사005477,to_in_008,0
2024,사사005478,to_in_001,13
2024,사사005478,to_in_007,8
2024,사사005478,to_in_008,5
2024,사사005482,to_in_001,8
2024,사사005482,to_in_007,5
2024,사사005482,to_in_008,5
2024,사사005483,to_in_001,79
2024,사사005483,to_in_007,43
2024,사사005483,to_in_008,34
2024,사사005485,to_in_001,5
2024,사사005485,to_in_007,0
2024,사사005485,to_in_008,0
2024,사사005496,to_in_001,5
2024,사사005496,to_in_007,5
2024,사사005496,to_in_008,5
2024,사사005541,to_in_001,5
2024,사사005541,to_in_007,5
2024,사사005541,to_in_008,0
2024,사사006482,to_in_001,33
2024,사사006482,to_in_007,18
2024,사사006482,to_in_008,18
2024,사사006483,to_in_001,85
2024,사사006483,to_in_007,50
2024,사사006483,to_in_008,38
2024,사사006496,to_in_001,49
2024,사사006496,to_in_007,23
2024,사사006496,to_in_008,29
2024,사사006533,to_in_001,5
2024,사사006533,to_in_007,5
2024,사사006533,to_in_008,0
2024,사사006539,to_in_001,5
2024,사사006539,to_in_007,0
2024,사사006539,to_in_008,5
2024,사사006540,to_in_001,5
2024,사사006540,to_in_007,5
2024,사사006540,to_in_008,0
2024,사사006542,to_in_001,0
2024,사사006542,to_in_007,0
2024,사사006542,to_in_008,0
2024,사사006547,to_in_001,5
2024,사사006547,to_in_007,5
2024,사사006547,to_in_008,0
2024,사사007480,to_in_001,5
2024,사사007480,to_in_007,0
2024,사사007480,to_in_008,0
2024,사사007481,to_in_001,8
2024,사사007481,to_in_007,5
2024,사사007481,to_in_008,5
2024,사사007482,to_in_001,187
2024,사사007482,to_in_007,91
2024,사사007482,to_in_008,99
2024,사사007483,to_in_001,43
2024,사사007483,to_in_007,23
2024,사사007483,to_in_008,18
2024,사사007484,to_in_001,5
2024,사사007484,to_in_007,5
2024,사사007484,to_in_008,0
2024,사사007485,to_in_001,8
2024,사사007485,to_in_007,8
2024,사사007485,to_in_008,0
2024,사사007486,to_in_001,5
2024,사사007486,to_in_007,5
2024,사사007486,to_in_008,0
2024,사사007495,to_in_001,48
2024,사사007495,to_in_007,28
2024,사사007495,to_in_008,23
2024,사사007496,to_in_001,28
2024,사사007496,to_in_007,18
2024,사사007496,to_in_008,8
2024,사사007507,to_in_001,8
2024,사사007507,to_in_007,5
2024,사사007507,to_in_008,5
2024,사사007508,to_in_001,8
2024,사사007508,to_in_007,8
2024,사사007508,to_in_008,5
2024,사사007528,to_in_001,5
2024,사사007528,to_in_007,5
2024,사사007528,to_in_008,5
2024,사사008479,to_in_001,0
2024,사사008479,to_in_007,0
2024,사사008479,to_in_008,0
2024,사사008480,to_in_001,23
2024,사사008480,to_in_007,13
2024,사사008480,to_in_008,8
2024,사사008481,to_in_001,28
2024,사사008481,to_in_007,18
2024,사사008481,to_in_008,13
2024,사사008482,to_in_001,43
2024,사사008482,to_in_007,18
2024,사사008482,to_in_008,23
2024,사사008483,to_in_001,104
2024,사사008483,to_in_007,60
2024,사사008483,to_in_008,42
2024,사사008484,to_in_001,90
2024,사사008484,to_in_007,50
2024,사사008484,to_in_008,43
2024,사사008485,to_in_001,23
2024,사사008485,to_in_007,13
2024,사사008485,to_in_008,8
2024,사사008486,to_in_001,5
2024,사사008486,to_in_007,0
2024,사사008486,to_in_008,5
2024,사사008494,to_in_001,0
2024,사사008494,to_in_007,0
2024,사사008494,to_in_008,0
2024,사사000471,to_in_001,13
2024,사사000471,to_in_007,8
2024,사사000471,to_in_008,5
2024,사사000472,to_in_001,5
2024,사사000472,to_in_007,5
2024,사사000472,to_in_008,0
2024,사사000473,to_in_001,5
2024,사사000473,to_in_007,5
2024,사사000473,to_in_008,5
2024,사사000474,to_in_001,8
2024,사사000474,to_in_007,8
2024,사사000474,to_in_008,5
2024,사사000475,to_in_001,0
2024,사사000475,to_in_007,0
2024,사사000475,to_in_008,0
2024,사사000477,to_in_001,8
2024,사사000477,to_in_007,5
2024,사사000477,to_in_008,5
2024,사사000484,to_in_001,5
2024,사사000484,to_in_007,0
2024,사사000484,to_in_008,0
2024,사사000486,to_in_001,0
2024,사사000486,to_in_007,0
2024,사사000486,to_in_008,0
2024,사사000536,to_in_001,5
2024,사사000536,to_in_007,5
2024,사사000536,to_in_008,0
2024,사사000538,to_in_001,5
2024,사사000538,to_in_007,0
2024,사사000538,to_in_008,5
2024,사사001471,to_in_001,45
2024,사사001471,to_in_007,35
2024,사사001471,to_in_008,13
2024,사사001472,to_in_001,53
2024,사사001472,to_in_007,33
2024,사사001472,to_in_008,23
2024,사사001473,to_in_001,8
2024,사사001473,to_in_007,5
2024,사사001473,to_in_008,5
2024,사사001474,to_in_001,5
2024,사사001474,to_in_007,0
2024,사사001474,to_in_008,0
2024,사사001475,to_in_001,5
2024,사사001475,to_in_007,0
2024,사사001475,to_in_008,5
2024,사사001476,to_in_001,5
2024,사사001476,to_in_007,0
2024,사사001476,to_in_008,5
2024,사사010541,to_in_001,5
2024,사사010541,to_in_007,0
2024,사사010541,to_in_008,5
2024,사사010542,to_in_001,0
2024,사사010542,to_in_007,0
2024,사사010542,to_in_008,0
2024,사사010547,to_in_001,0
2024,사사010547,to_in_007,0
2024,사사010547,to_in_008,0
2024,사사010549,to_in_001,5
2024,사사010549,to_in_007,5
2024,사사010549,to_in_008,0
2024,사사011480,to_in_001,18
2024,사사011480,to_in_007,13
2024,사사011480,to_in_008,8
2024,사사011481,to_in_001,130
2024,사사011481,to_in_007,66
2024,사사011481,to_in_008,62
2024,사사011482,to_in_001,98
2024,사사011482,to_in_007,53
2024,사사011482,to_in_008,48
2024,사사011483,to_in_001,78
2024,사사011483,to_in_007,48
2024,사사011483,to_in_008,33
2024,사사011490,to_in_001,18
2024,사사011490,to_in_007,13
2024,사사011490,to_in_008,5
2024,사사011491,to_in_001,53
2024,사사011491,to_in_007,28
2024,사사011491,to_in_008,23
2024,사사011492,to_in_001,8
2024,사사011492,to_in_007,5
2024,사사011492,to_in_008,0
2024,사사011493,to_in_001,33
2024,사사011493,to_in_007,18
2024,사사011493,to_in_008,18
2024,사사011494,to_in_001,18
2024,사사011494,to_in_007,8
2024,사사011494,to_in_008,13
2024,사사011495,to_in_001,0
2024,사사011495,to_in_007,0
2024,사사011495,to_in_008,0
2024,사사011496,to_in_001,8
2024,사사011496,to_in_007,5
2024,사사011496,to_in_008,5
2024,사사011497,to_in_001,5
2024,사사011497,to_in_007,0
2024,사사011497,to_in_008,0
2024,사사011498,to_in_001,5
2024,사사011498,to_in_007,0
2024,사사011498,to_in_008,0
2024,사사011499,to_in_001,5
2024,사사011499,to_in_007,5
2024,사사011499,to_in_008,0
2024,사사011503,to_in_001,8
2024,사사011503,to_in_007,5
2024,사사011503,to_in_008,5
2024,사사011509,to_in_001,5
2024,사사011509,to_in_007,5
2024,사사011509,to_in_008,5
2024,사사011546,to_in_001,0
2024,사사011546,to_in_007,0
2024,사사011546,to_in_008,0
2024,사사011549,to_in_001,5
2024,사사011549,to_in_007,5
2024,사사011549,to_in_008,0
2024,사사012480,to_in_001,81
2024,사사012480,to_in_007,38
2024,사사012480,to_in_008,41
2024,사사012481,to_in_001,157
2024,사사012481,to_in_007,88
2024,사사012481,to_in_008,67
2024,사사012482,to_in_001,28
2024,사사012482,to_in_007,13
2024,사사012482,to_in_008,13
2024,사사012483,to_in_001,33
2024,사사012483,to_in_007,18
2024,사사012483,to_in_008,13
2024,사사012488,to_in_001,5
2024,사사012488,to_in_007,5
2024,사사012488,to_in_008,0
2024,사사012489,to_in_001,18
2024,사사012489,to_in_007,13
2024,사사012489,to_in_008,8
2024,사사012490,to_in_001,23
2024,사사012490,to_in_007,13
2024,사사012490,to_in_008,13
2024,사사012491,to_in_001,48
2024,사사012491,to_in_007,28
2024,사사012491,to_in_008,18
2024,사사012492,to_in_001,8
2024,사사012492,to_in_007,5
2024,사사012492,to_in_008,8
2024,사사012493,to_in_001,132
2024,사사012493,to_in_007,75
2024,사사012493,to_in_008,55
2024,사사012494,to_in_001,5
2024,사사012494,to_in_007,5
2024,사사012494,to_in_008,0
2024,사사012495,to_in_001,33
2024,사사012495,to_in_007,23
2024,사사012495,to_in_008,8
2024,사사012496,to_in_001,71
2024,사사012496,to_in_007,40
2024,사사012496,to_in_008,34
2024,사사012498,to_in_001,5
2024,사사012498,to_in_007,5
2024,사사012498,to_in_008,5
2024,사사012499,to_in_001,5
2024,사사012499,to_in_007,5
2024,사사012499,to_in_008,5
2024,사사012509,to_in_001,5
2024,사사012509,to_in_007,5
2024,사사012509,to_in_008,5
2024,사사012513,to_in_001,0
2024,사사012513,to_in_007,0
2024,사사012513,to_in_008,0
2024,사사013479,to_in_001,5
2024,사사013479,to_in_007,0
2024,사사013479,to_in_008,0
2024,사사013480,to_in_001,106
2024,사사013480,to_in_007,56
2024,사사013480,to_in_008,48
2024,사사013481,to_in_001,103
2024,사사013481,to_in_007,58
2024,사사013481,to_in_008,43
2024,사사013490,to_in_001,0
2024,사사013490,to_in_007,0
2024,사사013490,to_in_008,0
2024,사사013491,to_in_001,59
2024,사사013491,to_in_007,39
2024,사사013491,to_in_008,23
2024,사사013492,to_in_001,85
2024,사사013492,to_in_007,54
2024,사사013492,to_in_008,34
2024,사사013493,to_in_001,82
2024,사사013493,to_in_007,45
2024,사사013493,to_in_008,40
2024,사사013494,to_in_001,152
2024,사사013494,to_in_007,91
2024,사사013494,to_in_008,64
2024,사사013495,to_in_001,158
2024,사사013495,to_in_007,82
2024,사사013495,to_in_008,74
2024,사사013496,to_in_001,95
2024,사사013496,to_in_007,47
2024,사사013496,to_in_008,46
2024,사사013497,to_in_001,5
2024,사사013497,to_in_007,5
2024,사사013497,to_in_008,0
2024,사사013499,to_in_001,0
2024,사사013499,to_in_007,0
2024,사사013499,to_in_008,0
2024,사사013503,to_in_001,8
2024,사사013503,to_in_007,5
2024,사사013503,to_in_008,8
2024,사사014480,to_in_001,13
2024,사사014480,to_in_007,8
2024,사사014480,to_in_008,8
2024,사사014481,to_in_001,18
2024,사사014481,to_in_007,8
2024,사사014481,to_in_008,8
2024,사사014490,to_in_001,50
2024,사사014490,to_in_007,30
2024,사사014490,to_in_008,18
2024,사사014491,to_in_001,150
2024,사사014491,to_in_007,81
2024,사사014491,to_in_008,72
2024,사사014492,to_in_001,106
2024,사사014492,to_in_007,61
2024,사사014492,to_in_008,43
2024,사사014493,to_in_001,82
2024,사사014493,to_in_007,52
2024,사사014493,to_in_008,28
2024,사사014494,to_in_001,50
2024,사사014494,to_in_007,45
2024,사사014494,to_in_008,5
2024,사사014495,to_in_001,64
2024,사사014495,to_in_007,34
2024,사사014495,to_in_008,28
2024,사사014496,to_in_001,48
2024,사사014496,to_in_007,23
2024,사사014496,to_in_008,28
2024,사사014497,to_in_001,5
2024,사사014497,to_in_007,5
2024,사사014497,to_in_008,5
2024,사사014498,to_in_001,5
2024,사사014498,to_in_007,0
2024,사사014498,to_in_008,5
2024,사사014499,to_in_001,13
2024,사사014499,to_in_007,8
2024,사사014499,to_in_008,5
2024,사사014500,to_in_001,8
2024,사사014500,to_in_007,5
2024,사사014500,to_in_008,8
2024,사사014501,to_in_001,5
2024,사사014501,to_in_007,5
2024,사사014501,to_in_008,0
2024,사사014507,to_in_001,28
2024,사사014507,to_in_007,18
2024,사사014507,to_in_008,8
2024,사사015490,to_in_001,13
2024,사사015490,to_in_007,8
2024,사사015490,to_in_008,8
2024,사사015491,to_in_001,8
2024,사사015491,to_in_007,8
2024,사사015491,to_in_008,5
2024,사사015497,to_in_001,33
2024,사사015497,to_in_007,18
2024,사사015497,to_in_008,18
2024,사사015498,to_in_001,5
2024,사사015498,to_in_007,0
2024,사사015498,to_in_008,5
2024,사사015500,to_in_001,48
2024,사사015500,to_in_007,23
2024,사사015500,to_in_008,23
2024,사사015501,to_in_001,13
2024,사사015501,to_in_007,8
2024,사사015501,to_in_008,5
2024,사사016490,to_in_001,8
2024,사사016490,to_in_007,5
2024,사사016490,to_in_008,5
2024,사사016498,to_in_001,18
2024,사사016498,to_in_007,13
2024,사사016498,to_in_008,8
2024,사사016499,to_in_001,60
2024,사사016499,to_in_007,40
2024,사사016499,to_in_008,18
2024,사사016500,to_in_001,13
2024,사사016500,to_in_007,8
2024,사사016500,to_in_008,5
2024,사사016504,to_in_001,5
2024,사사016504,to_in_007,0
2024,사사016504,to_in_008,5
2024,사사016505,to_in_001,5
2024,사사016505,to_in_007,0
2024,사사016505,to_in_008,5
2024,사사016506,to_in_001,8
2024,사사016506,to_in_007,5
2024,사사016506,to_in_008,5
2024,사사016507,to_in_001,5
2024,사사016507,to_in_007,0
2024,사사016507,to_in_008,5
2024,사사017500,to_in_001,23
2024,사사017500,to_in_007,13
2024,사사017500,to_in_008,8
2024,사사017505,to_in_001,13
2024,사사017505,to_in_007,8
2024,사사017505,to_in_008,8
2024,사사017506,to_in_001,0
2024,사사017506,to_in_007,0
2024,사사017506,to_in_008,0
2024,사사017507,to_in_001,5
2024,사사017507,to_in_007,5
2024,사사017507,to_in_008,5
2024,사사018500,to_in_001,5
2024,사사018500,to_in_007,5
2024,사사018500,to_in_008,5
2024,사사018501,to_in_001,0
2024,사사018501,to_in_007,0
2024,사사018501,to_in_008,0
2024,사사023485,to_in_001,8
2024,사사023485,to_in_007,8
2024,사사023485,to_in_008,5
2024,사사037532,to_in_001,0
2024,사사037532,to_in_007,0
2024,사사037532,to_in_008,0
2024,사사873246,to_in_001,0
2024,사사873246,to_in_007,0
2024,사사873246,to_in_008,0
2024,사사876245,to_in_001,8
2024,사사876245,to_in_007,8
2024,사사876245,to_in_008,0
2024,사사009486,to_in_007,48
2024,사사009486,to_in_008,43
2024,사사009487,to_in_001,5
2024,사사009487,to_in_007,5
2024,사사009487,to_in_008,0
2024,사사009492,to_in_001,0
2024,사사009492,to_in_007,0
2024,사사009492,to_in_008,0
2024,사사009493,to_in_001,23
2024,사사009493,to_in_007,13
2024,사사009493,to_in_008,8
2024,사사009494,to_in_001,143
2024,사사009494,to_in_007,86
2024,사사009494,to_in_008,60
2024,사사009495,to_in_001,5
2024,사사009495,to_in_007,5
2024,사사009495,to_in_008,5
2024,사사009497,to_in_001,8
2024,사사009497,to_in_007,8
2024,사사009497,to_in_008,5
2024,사사009498,to_in_001,13
2024,사사009498,to_in_007,8
2024,사사009498,to_in_008,8
2024,사사009501,to_in_001,5
2024,사사009501,to_in_007,0
2024,사사009501,to_in_008,0
2024,사사009502,to_in_001,5
2024,사사009502,to_in_007,5
2024,사사009502,to_in_008,0
2024,사사009507,to_in_001,8
2024,사사009507,to_in_007,5
2024,사사009507,to_in_008,5
2024,사사009541,to_in_001,8
2024,사사009541,to_in_007,5
2024,사사009541,to_in_008,5
2024,사사009543,to_in_001,5
2024,사사009543,to_in_007,5
2024,사사009543,to_in_008,5
2024,사사009550,to_in_001,5
2024,사사009550,to_in_007,5
2024,사사009550,to_in_008,5
2024,사사010481,to_in_001,90
2024,사사010481,to_in_007,53
2024,사사010481,to_in_008,40
2024,사사010482,to_in_001,113
2024,사사010482,to_in_007,61
2024,사사010482,to_in_008,50
2024,사사010483,to_in_001,158
2024,사사010483,to_in_007,91
2024,사사010483,to_in_008,65
2024,사사010484,to_in_001,53
2024,사사010484,to_in_007,33
2024,사사010484,to_in_008,18
2024,사사010492,to_in_001,18
2024,사사010492,to_in_007,13
2024,사사010492,to_in_008,5
2024,사사010493,to_in_001,108
2024,사사010493,to_in_007,62
2024,사사010493,to_in_008,44
2024,사사010494,to_in_001,71
2024,사사010494,to_in_007,38
2024,사사010494,to_in_008,31
2024,사사010496,to_in_001,8
2024,사사010496,to_in_007,5
2024,사사010496,to_in_008,5
2024,사사010497,to_in_001,33
2024,사사010497,to_in_007,18
2024,사사010497,to_in_008,13
2024,사사010499,to_in_001,8
2024,사사010499,to_in_007,8
2024,사사010499,to_in_008,5
2024,사사010538,to_in_001,5
2024,사사010538,to_in_007,5
2024,사사010538,to_in_008,0
