2024,가라884344,to_in_001,83
2024,가라884344,to_in_007,48
2024,가라884344,to_in_008,33
2024,가라885343,to_in_001,8
2024,가라885343,to_in_007,5
2024,가라885343,to_in_008,5
2024,가라885344,to_in_001,89
2024,가라885344,to_in_007,54
2024,가라885344,to_in_008,33
2024,가라885345,to_in_001,28
2024,가라885345,to_in_007,18
2024,가라885345,to_in_008,8
2024,가라885346,to_in_001,13
2024,가라885346,to_in_007,8
2024,가라885346,to_in_008,8
2024,가라885347,to_in_001,8
2024,가라885347,to_in_007,5
2024,가라885347,to_in_008,8
2024,가라886346,to_in_001,56
2024,가라886346,to_in_007,30
2024,가라886346,to_in_008,24
2024,가라886347,to_in_001,8
2024,가라886347,to_in_007,5
2024,가라886347,to_in_008,8
2024,가라887346,to_in_001,8
2024,가라887346,to_in_007,8
2024,가라887346,to_in_008,0
2024,가라894371,to_in_001,5
2024,가라894371,to_in_007,0
2024,가라894371,to_in_008,0
2024,가라895370,to_in_001,13
2024,가라895370,to_in_007,8
2024,가라895370,to_in_008,8
2024,가라895371,to_in_001,48
2024,가라895371,to_in_007,28
2024,가라895371,to_in_008,23
2024,가라896370,to_in_001,8
2024,가라896370,to_in_007,8
2024,가라896370,to_in_008,5
2024,가라896371,to_in_001,13
2024,가라896371,to_in_007,8
2024,가라896371,to_in_008,8
2024,가라897371,to_in_001,0
2024,가라897371,to_in_007,0
2024,가라897371,to_in_008,0
2024,가라964058,to_in_001,5
2024,가라964058,to_in_007,0
2024,가라964058,to_in_008,0
2024,가라965068,to_in_001,13
2024,가라965068,to_in_007,5
2024,가라965068,to_in_008,8
2024,가라965069,to_in_001,8
2024,가라965069,to_in_007,5
2024,가라965069,to_in_008,5
2024,가라966069,to_in_001,8
2024,가라966069,to_in_007,8
2024,가라966069,to_in_008,5
2024,가라966070,to_in_001,5
2024,가라966070,to_in_007,0
2024,가라966070,to_in_008,5
2024,가라974018,to_in_001,5
2024,가라974018,to_in_007,5
2024,가라974018,to_in_008,5
2024,가라975018,to_in_001,0
2024,가라975018,to_in_007,0
2024,가라975018,to_in_008,0
2024,가라976018,to_in_001,5
2024,가라976018,to_in_007,5
2024,가라976018,to_in_008,0
2024,가라976022,to_in_001,13
2024,가라976022,to_in_007,8
2024,가라976022,to_in_008,8
