2024,바사939520,to_in_001,5
2024,바사939520,to_in_007,5
2024,바사939520,to_in_008,0
2024,바사939523,to_in_001,5
2024,바사939523,to_in_007,0
2024,바사939523,to_in_008,0
2024,바사939524,to_in_001,5
2024,바사939524,to_in_007,5
2024,바사939524,to_in_008,0
2024,바사939525,to_in_001,38
2024,바사939525,to_in_007,23
2024,바사939525,to_in_008,13
2024,바사939526,to_in_001,8
2024,바사939526,to_in_007,5
2024,바사939526,to_in_008,8
2024,바사940509,to_in_001,0
2024,바사940509,to_in_007,0
2024,바사940509,to_in_008,0
2024,바사940523,to_in_001,0
2024,바사940523,to_in_007,0
2024,바사940523,to_in_008,0
2024,바사940524,to_in_001,0
2024,바사940524,to_in_007,0
2024,바사940524,to_in_008,0
2024,바사940525,to_in_001,8
2024,바사940525,to_in_007,5
2024,바사940525,to_in_008,8
2024,바사940526,to_in_001,8
2024,바사940526,to_in_007,5
2024,바사940526,to_in_008,5
2024,바사941502,to_in_001,8
2024,바사941502,to_in_007,5
2024,바사941502,to_in_008,5
2024,바사941503,to_in_001,5
2024,바사941503,to_in_007,5
2024,바사941503,to_in_008,0
2024,바사941526,to_in_001,8
2024,바사941526,to_in_007,5
2024,바사941526,to_in_008,8
2024,바사942502,to_in_001,5
2024,바사942502,to_in_007,0
2024,바사942502,to_in_008,5
2024,바사942503,to_in_001,5
2024,바사942503,to_in_007,0
2024,바사942503,to_in_008,0
2024,바사942526,to_in_001,18
2024,바사942526,to_in_007,8
2024,바사942526,to_in_008,8
2024,바사943502,to_in_001,5
2024,바사943502,to_in_007,0
2024,바사943502,to_in_008,0
2024,바사943504,to_in_001,8
2024,바사943504,to_in_007,0
2024,바사943504,to_in_008,8
2024,바사943527,to_in_001,5
2024,바사943527,to_in_007,5
2024,바사943527,to_in_008,5
2024,바사944502,to_in_001,5
2024,바사944502,to_in_007,0
2024,바사944502,to_in_008,0
2024,바사946481,to_in_001,5
2024,바사946481,to_in_007,5
2024,바사946481,to_in_008,0
2024,바사947524,to_in_001,5
2024,바사947524,to_in_007,0
2024,바사947524,to_in_008,5
2024,바사947530,to_in_001,5
2024,바사947530,to_in_007,0
2024,바사947530,to_in_008,5
2024,바사948475,to_in_001,5
2024,바사948475,to_in_007,5
2024,바사948475,to_in_008,5
2024,바사948478,to_in_001,5
2024,바사948478,to_in_007,0
2024,바사948478,to_in_008,0
2024,바사948481,to_in_001,5
2024,바사948481,to_in_007,5
2024,바사948481,to_in_008,0
2024,바사948482,to_in_001,5
2024,바사948482,to_in_007,0
2024,바사948482,to_in_008,5
2024,바사948483,to_in_001,0
2024,바사948483,to_in_007,0
2024,바사948483,to_in_008,0
2024,바사948523,to_in_001,0
2024,바사948523,to_in_007,0
2024,바사948523,to_in_008,0
2024,바사948524,to_in_001,8
2024,바사948524,to_in_007,5
2024,바사948524,to_in_008,5
2024,바사948531,to_in_001,0
2024,바사948531,to_in_007,0
2024,바사948531,to_in_008,0
2024,바사949463,to_in_001,44
2024,바사949463,to_in_007,29
2024,바사949463,to_in_008,13
2024,바사949464,to_in_001,33
2024,바사949464,to_in_007,13
2024,바사949464,to_in_008,18
2024,바사949465,to_in_001,8
2024,바사949465,to_in_007,5
2024,바사949465,to_in_008,5
2024,바사949466,to_in_001,8
2024,바사949466,to_in_007,8
2024,바사949466,to_in_008,5
2024,바사949472,to_in_001,0
2024,바사949472,to_in_007,0
2024,바사949472,to_in_008,0
2024,바사949474,to_in_001,5
2024,바사949474,to_in_007,0
2024,바사949474,to_in_008,0
2024,바사949485,to_in_001,0
2024,바사949485,to_in_007,0
2024,바사949485,to_in_008,0
2024,바사997478,to_in_001,8
2024,바사997478,to_in_007,5
2024,바사997478,to_in_008,5
2024,바사997479,to_in_001,13
2024,바사997479,to_in_007,8
2024,바사997479,to_in_008,5
2024,바사997480,to_in_001,5
2024,바사997480,to_in_007,0
2024,바사997480,to_in_008,0
2024,바사997483,to_in_001,0
2024,바사997483,to_in_007,0
2024,바사997483,to_in_008,0
2024,바사997544,to_in_001,13
2024,바사997544,to_in_007,8
2024,바사997544,to_in_008,5
2024,바사998470,to_in_001,8
2024,바사998470,to_in_007,5
2024,바사998470,to_in_008,5
2024,바사998472,to_in_001,5
2024,바사998472,to_in_007,5
2024,바사998472,to_in_008,0
2024,바사998473,to_in_001,5
2024,바사998473,to_in_007,5
2024,바사998473,to_in_008,0
2024,바사998478,to_in_001,5
2024,바사998478,to_in_007,5
2024,바사998478,to_in_008,0
2024,바사998480,to_in_001,5
2024,바사998480,to_in_007,0
2024,바사998480,to_in_008,0
2024,바사998483,to_in_001,5
2024,바사998483,to_in_007,0
2024,바사998483,to_in_008,0
2024,바사998495,to_in_001,5
2024,바사998495,to_in_007,5
2024,바사998495,to_in_008,0
2024,바사998496,to_in_001,8
2024,바사998496,to_in_007,5
2024,바사998496,to_in_008,5
2024,바사998545,to_in_001,5
2024,바사998545,to_in_007,0
2024,바사998545,to_in_008,5
2024,바사999471,to_in_001,8
2024,바사999471,to_in_007,0
2024,바사999471,to_in_008,8
2024,바사999484,to_in_001,8
2024,바사999484,to_in_007,8
2024,바사999484,to_in_008,0
2024,바사999495,to_in_001,5
2024,바사999495,to_in_007,0
2024,바사999495,to_in_008,0
2024,바사914511,to_in_001,0
2024,바사914511,to_in_007,0
2024,바사914511,to_in_008,0
2024,바사915509,to_in_001,18
2024,바사915509,to_in_007,8
2024,바사915509,to_in_008,8
2024,바사915510,to_in_001,23
2024,바사915510,to_in_007,13
2024,바사915510,to_in_008,8
2024,바사916508,to_in_001,5
2024,바사916508,to_in_007,5
2024,바사916508,to_in_008,0
2024,바사916509,to_in_001,68
2024,바사916509,to_in_007,35
2024,바사916509,to_in_008,31
2024,바사916510,to_in_001,23
2024,바사916510,to_in_007,13
2024,바사916510,to_in_008,13
2024,바사916515,to_in_001,0
2024,바사916515,to_in_007,0
2024,바사916515,to_in_008,0
2024,바사917508,to_in_001,5
2024,바사917508,to_in_007,0
2024,바사917508,to_in_008,0
2024,바사917509,to_in_001,48
2024,바사917509,to_in_007,28
2024,바사917509,to_in_008,18
2024,바사917510,to_in_001,23
2024,바사917510,to_in_007,13
2024,바사917510,to_in_008,8
2024,바사917513,to_in_001,5
2024,바사917513,to_in_007,0
2024,바사917513,to_in_008,0
2024,바사918509,to_in_001,8
2024,바사918509,to_in_007,5
2024,바사918509,to_in_008,8
2024,바사918510,to_in_001,5
2024,바사918510,to_in_007,0
2024,바사918510,to_in_008,0
2024,바사953525,to_in_001,8
2024,바사953525,to_in_007,5
2024,바사953525,to_in_008,5
2024,바사953528,to_in_001,5
2024,바사953528,to_in_007,0
2024,바사953528,to_in_008,5
2024,바사953529,to_in_001,0
2024,바사953529,to_in_007,0
2024,바사953529,to_in_008,0
2024,바사953534,to_in_001,5
2024,바사953534,to_in_007,5
2024,바사953534,to_in_008,0
2024,바사953535,to_in_001,5
2024,바사953535,to_in_007,5
2024,바사953535,to_in_008,0
2024,바사954462,to_in_001,8
2024,바사954462,to_in_007,5
2024,바사954462,to_in_008,5
2024,바사954463,to_in_001,5
2024,바사954463,to_in_007,0
2024,바사954463,to_in_008,5
2024,바사954464,to_in_001,8
2024,바사954464,to_in_007,8
2024,바사954464,to_in_008,5
2024,바사954465,to_in_001,8
2024,바사954465,to_in_007,8
2024,바사954465,to_in_008,5
2024,바사954525,to_in_001,8
2024,바사954525,to_in_007,8
2024,바사954525,to_in_008,5
2024,바사954530,to_in_001,5
2024,바사954530,to_in_007,5
2024,바사954530,to_in_008,0
2024,바사954531,to_in_001,8
2024,바사954531,to_in_007,5
2024,바사954531,to_in_008,5
2024,바사955466,to_in_001,5
2024,바사955466,to_in_007,0
2024,바사955466,to_in_008,0
2024,바사955531,to_in_001,8
2024,바사955531,to_in_007,5
2024,바사955531,to_in_008,5
2024,바사955532,to_in_001,5
2024,바사955532,to_in_007,5
2024,바사955532,to_in_008,0
2024,바사955535,to_in_001,5
2024,바사955535,to_in_007,5
2024,바사955535,to_in_008,0
2024,바사956466,to_in_001,8
2024,바사956466,to_in_007,5
2024,바사956466,to_in_008,5
2024,바사956467,to_in_001,5
2024,바사956467,to_in_007,5
2024,바사956467,to_in_008,0
2024,바사956532,to_in_001,5
2024,바사956532,to_in_007,5
2024,바사956532,to_in_008,5
2024,바사956533,to_in_001,0
2024,바사956533,to_in_007,0
2024,바사956533,to_in_008,0
2024,바사957534,to_in_001,5
2024,바사957534,to_in_007,0
2024,바사957534,to_in_008,5
2024,바사958466,to_in_001,43
2024,바사958466,to_in_007,23
2024,바사958466,to_in_008,18
2024,바사958467,to_in_001,5
2024,바사958467,to_in_007,5
2024,바사958467,to_in_008,0
2024,바사958471,to_in_001,0
2024,바사958471,to_in_007,0
2024,바사958471,to_in_008,0
2024,바사958473,to_in_001,5
2024,바사958473,to_in_007,0
2024,바사958473,to_in_008,0
2024,바사958474,to_in_001,5
2024,바사958474,to_in_007,0
2024,바사958474,to_in_008,0
2024,바사959472,to_in_001,5
2024,바사959472,to_in_007,5
2024,바사959472,to_in_008,0
2024,바사959473,to_in_001,0
2024,바사959473,to_in_007,0
2024,바사959473,to_in_008,0
2024,바사959535,to_in_001,13
2024,바사959535,to_in_007,8
2024,바사959535,to_in_008,5
2024,바사959536,to_in_001,5
2024,바사959536,to_in_007,0
2024,바사959536,to_in_008,5
2024,바사960471,to_in_001,5
2024,바사960471,to_in_007,5
2024,바사960471,to_in_008,5
2024,바사960472,to_in_001,5
2024,바사960472,to_in_007,0
2024,바사960472,to_in_008,0
2024,바사961467,to_in_001,5
2024,바사961467,to_in_007,5
2024,바사961467,to_in_008,0
2024,바사961468,to_in_001,5
2024,바사961468,to_in_007,5
2024,바사961468,to_in_008,5
2024,바사961474,to_in_001,5
2024,바사961474,to_in_007,5
2024,바사961474,to_in_008,0
2024,바사962472,to_in_001,8
2024,바사962472,to_in_007,5
2024,바사962472,to_in_008,8
2024,바사963474,to_in_001,8
2024,바사963474,to_in_007,5
2024,바사963474,to_in_008,5
2024,바사963475,to_in_001,5
2024,바사963475,to_in_007,0
2024,바사963475,to_in_008,0
2024,바사964536,to_in_001,8
2024,바사964536,to_in_007,8
2024,바사964536,to_in_008,5
2024,바사982458,to_in_001,5
2024,바사982458,to_in_007,5
2024,바사982458,to_in_008,5
2024,바사982465,to_in_001,0
2024,바사982465,to_in_007,0
2024,바사982465,to_in_008,0
2024,바사982520,to_in_001,5
2024,바사982520,to_in_007,0
2024,바사982520,to_in_008,5
2024,바사982532,to_in_001,5
2024,바사982532,to_in_007,5
2024,바사982532,to_in_008,0
2024,바사982543,to_in_001,33
2024,바사982543,to_in_007,18
2024,바사982543,to_in_008,13
2024,바사982544,to_in_001,8
2024,바사982544,to_in_007,5
2024,바사982544,to_in_008,5
2024,바사983453,to_in_001,8
2024,바사983453,to_in_007,8
2024,바사983453,to_in_008,0
2024,바사983455,to_in_001,33
2024,바사983455,to_in_007,18
2024,바사983455,to_in_008,13
2024,바사983460,to_in_001,5
2024,바사983460,to_in_007,0
2024,바사983460,to_in_008,5
2024,바사983461,to_in_001,5
2024,바사983461,to_in_007,5
2024,바사983461,to_in_008,5
2024,바사983542,to_in_001,5
2024,바사983542,to_in_007,5
2024,바사983542,to_in_008,5
2024,바사984454,to_in_001,5
2024,바사984454,to_in_007,5
2024,바사984454,to_in_008,5
2024,바사984455,to_in_001,18
2024,바사984455,to_in_007,8
2024,바사984455,to_in_008,8
2024,바사984461,to_in_001,8
2024,바사984461,to_in_007,5
2024,바사984461,to_in_008,5
2024,바사984465,to_in_001,5
2024,바사984465,to_in_007,5
2024,바사984465,to_in_008,0
2024,바사984473,to_in_001,5
2024,바사984473,to_in_007,5
2024,바사984473,to_in_008,5
2024,바사985455,to_in_001,0
2024,바사985455,to_in_007,0
2024,바사985455,to_in_008,0
2024,바사985456,to_in_001,5
2024,바사985456,to_in_007,5
2024,바사985456,to_in_008,5
2024,바사985458,to_in_001,5
2024,바사985458,to_in_007,5
2024,바사985458,to_in_008,5
2024,바사985459,to_in_001,13
2024,바사985459,to_in_007,8
2024,바사985459,to_in_008,8
2024,바사985542,to_in_001,13
2024,바사985542,to_in_007,5
2024,바사985542,to_in_008,8
2024,바사986456,to_in_001,30
2024,바사986456,to_in_007,30
2024,바사986456,to_in_008,0
2024,바사986457,to_in_001,0
2024,바사986457,to_in_007,0
2024,바사986457,to_in_008,0
2024,바사986460,to_in_001,5
2024,바사986460,to_in_007,5
2024,바사986460,to_in_008,0
2024,바사986461,to_in_001,5
2024,바사986461,to_in_007,5
2024,바사986461,to_in_008,0
2024,바사986480,to_in_001,0
2024,바사986480,to_in_007,0
2024,바사986480,to_in_008,0
2024,바사986542,to_in_001,8
2024,바사986542,to_in_007,5
2024,바사986542,to_in_008,5
2024,바사987459,to_in_001,5
2024,바사987459,to_in_007,5
2024,바사987459,to_in_008,0
2024,바사987460,to_in_001,5
2024,바사987460,to_in_007,0
2024,바사987460,to_in_008,0
2024,바사987462,to_in_001,5
2024,바사987462,to_in_007,5
2024,바사987462,to_in_008,0
2024,바사987463,to_in_001,8
2024,바사987463,to_in_007,5
2024,바사987463,to_in_008,5
2024,바사987479,to_in_001,0
2024,바사987479,to_in_007,0
2024,바사987479,to_in_008,0
2024,바사987480,to_in_001,8
2024,바사987480,to_in_007,5
2024,바사987480,to_in_008,5
2024,바사987540,to_in_001,5
2024,바사987540,to_in_007,5
2024,바사987540,to_in_008,0
2024,바사987541,to_in_001,0
2024,바사987541,to_in_007,0
2024,바사987541,to_in_008,0
2024,바사987542,to_in_001,8
2024,바사987542,to_in_007,5
2024,바사987542,to_in_008,5
2024,바사988456,to_in_001,5
2024,바사988456,to_in_007,5
2024,바사988456,to_in_008,0
2024,바사988460,to_in_001,13
2024,바사988460,to_in_007,8
2024,바사988460,to_in_008,5
2024,바사988461,to_in_001,8
2024,바사988461,to_in_007,8
2024,바사988461,to_in_008,5
2024,바사988462,to_in_001,13
2024,바사988462,to_in_007,5
2024,바사988462,to_in_008,8
2024,바사988463,to_in_001,8
2024,바사988463,to_in_007,8
2024,바사988463,to_in_008,8
2024,바사988472,to_in_001,5
2024,바사988472,to_in_007,5
2024,바사988472,to_in_008,5
2024,바사988480,to_in_001,8
2024,바사988480,to_in_007,5
2024,바사988480,to_in_008,5
2024,바사988541,to_in_001,5
2024,바사988541,to_in_007,5
2024,바사988541,to_in_008,5
2024,바사988542,to_in_001,18
2024,바사988542,to_in_007,13
2024,바사988542,to_in_008,8
2024,바사988543,to_in_001,0
2024,바사988543,to_in_007,0
2024,바사988543,to_in_008,0
2024,바사931509,to_in_001,5
2024,바사931509,to_in_007,0
2024,바사931509,to_in_008,0
2024,바사931517,to_in_001,5
2024,바사931517,to_in_007,0
2024,바사931517,to_in_008,5
2024,바사931521,to_in_001,5
2024,바사931521,to_in_007,0
2024,바사931521,to_in_008,0
2024,바사932504,to_in_001,8
2024,바사932504,to_in_007,5
2024,바사932504,to_in_008,5
2024,바사932506,to_in_001,5
2024,바사932506,to_in_007,5
2024,바사932506,to_in_008,5
2024,바사932507,to_in_001,0
2024,바사932507,to_in_007,0
2024,바사932507,to_in_008,0
2024,바사932509,to_in_001,8
2024,바사932509,to_in_007,5
2024,바사932509,to_in_008,8
2024,바사932522,to_in_001,5
2024,바사932522,to_in_007,5
2024,바사932522,to_in_008,5
2024,바사933507,to_in_001,5
2024,바사933507,to_in_007,5
2024,바사933507,to_in_008,0
2024,바사933508,to_in_001,5
2024,바사933508,to_in_007,5
2024,바사933508,to_in_008,0
2024,바사933521,to_in_001,8
2024,바사933521,to_in_007,8
2024,바사933521,to_in_008,5
2024,바사933524,to_in_001,5
2024,바사933524,to_in_007,5
2024,바사933524,to_in_008,5
2024,바사934470,to_in_001,5
2024,바사934470,to_in_007,0
2024,바사934470,to_in_008,0
2024,바사934502,to_in_001,0
2024,바사934502,to_in_007,0
2024,바사934502,to_in_008,0
2024,바사934504,to_in_001,0
2024,바사934504,to_in_007,0
2024,바사934504,to_in_008,0
2024,바사934519,to_in_001,5
2024,바사934519,to_in_007,5
2024,바사934519,to_in_008,5
2024,바사934523,to_in_001,5
2024,바사934523,to_in_007,0
2024,바사934523,to_in_008,5
2024,바사935519,to_in_001,0
2024,바사935519,to_in_007,0
2024,바사935519,to_in_008,0
2024,바사935526,to_in_001,8
2024,바사935526,to_in_007,5
2024,바사935526,to_in_008,5
2024,바사936503,to_in_001,5
2024,바사936503,to_in_007,0
2024,바사936503,to_in_008,0
2024,바사936519,to_in_001,0
2024,바사936519,to_in_007,0
2024,바사936519,to_in_008,0
2024,바사936520,to_in_001,8
2024,바사936520,to_in_007,5
2024,바사936520,to_in_008,5
2024,바사936525,to_in_001,55
2024,바사936525,to_in_007,29
2024,바사936525,to_in_008,29
2024,바사936526,to_in_001,13
2024,바사936526,to_in_007,8
2024,바사936526,to_in_008,5
2024,바사937480,to_in_001,5
2024,바사937480,to_in_007,5
2024,바사937480,to_in_008,5
2024,바사937502,to_in_001,5
2024,바사937502,to_in_007,0
2024,바사937502,to_in_008,0
2024,바사937519,to_in_001,5
2024,바사937519,to_in_007,0
2024,바사937519,to_in_008,5
2024,바사937523,to_in_001,5
2024,바사937523,to_in_007,5
2024,바사937523,to_in_008,0
2024,바사937525,to_in_001,43
2024,바사937525,to_in_007,23
2024,바사937525,to_in_008,23
2024,바사937526,to_in_001,8
2024,바사937526,to_in_007,5
2024,바사937526,to_in_008,8
2024,바사938503,to_in_001,5
2024,바사938503,to_in_007,0
2024,바사938503,to_in_008,5
2024,바사938519,to_in_001,0
2024,바사938519,to_in_007,0
2024,바사938519,to_in_008,0
2024,바사938522,to_in_001,5
2024,바사938522,to_in_007,0
2024,바사938522,to_in_008,0
2024,바사938523,to_in_001,5
2024,바사938523,to_in_007,5
2024,바사938523,to_in_008,5
2024,바사938524,to_in_001,23
2024,바사938524,to_in_007,13
2024,바사938524,to_in_008,13
2024,바사938525,to_in_001,38
2024,바사938525,to_in_007,18
2024,바사938525,to_in_008,23
2024,바사938526,to_in_001,24
2024,바사938526,to_in_007,14
2024,바사938526,to_in_008,8
2024,바사939509,to_in_001,0
2024,바사939509,to_in_007,0
2024,바사939509,to_in_008,0
2024,바사978518,to_in_001,0
2024,바사978518,to_in_007,0
2024,바사978518,to_in_008,0
2024,바사978519,to_in_001,0
2024,바사978519,to_in_007,0
2024,바사978519,to_in_008,0
2024,바사978520,to_in_001,5
2024,바사978520,to_in_007,0
2024,바사978520,to_in_008,5
2024,바사978521,to_in_001,5
2024,바사978521,to_in_007,0
2024,바사978521,to_in_008,0
2024,바사978526,to_in_001,5
2024,바사978526,to_in_007,5
2024,바사978526,to_in_008,0
2024,바사978540,to_in_001,5
2024,바사978540,to_in_007,0
2024,바사978540,to_in_008,0
2024,바사978541,to_in_001,5
2024,바사978541,to_in_007,5
2024,바사978541,to_in_008,0
2024,바사978542,to_in_001,8
2024,바사978542,to_in_007,5
2024,바사978542,to_in_008,5
2024,바사979460,to_in_001,8
2024,바사979460,to_in_007,5
2024,바사979460,to_in_008,5
2024,바사979518,to_in_001,5
2024,바사979518,to_in_007,5
2024,바사979518,to_in_008,5
2024,바사979520,to_in_001,5
2024,바사979520,to_in_007,5
2024,바사979520,to_in_008,5
2024,바사979521,to_in_001,8
2024,바사979521,to_in_007,5
2024,바사979521,to_in_008,8
2024,바사979532,to_in_001,0
2024,바사979532,to_in_007,0
2024,바사979532,to_in_008,0
2024,바사979539,to_in_001,8
2024,바사979539,to_in_007,8
2024,바사979539,to_in_008,8
2024,바사979540,to_in_001,18
2024,바사979540,to_in_007,13
2024,바사979540,to_in_008,8
2024,바사979541,to_in_001,23
2024,바사979541,to_in_007,13
2024,바사979541,to_in_008,13
2024,바사979542,to_in_001,5
2024,바사979542,to_in_007,0
2024,바사979542,to_in_008,5
2024,바사980457,to_in_001,5
2024,바사980457,to_in_007,0
2024,바사980457,to_in_008,0
2024,바사980460,to_in_001,8
2024,바사980460,to_in_007,8
2024,바사980460,to_in_008,5
2024,바사980474,to_in_001,8
2024,바사980474,to_in_007,8
2024,바사980474,to_in_008,0
2024,바사980519,to_in_001,5
2024,바사980519,to_in_007,0
2024,바사980519,to_in_008,5
2024,바사980522,to_in_001,0
2024,바사980522,to_in_007,0
2024,바사980522,to_in_008,0
2024,바사980531,to_in_001,8
2024,바사980531,to_in_007,5
2024,바사980531,to_in_008,5
2024,바사980532,to_in_001,5
2024,바사980532,to_in_007,0
2024,바사980532,to_in_008,5
2024,바사980541,to_in_001,40
2024,바사980541,to_in_007,23
2024,바사980541,to_in_008,20
2024,바사980542,to_in_001,28
2024,바사980542,to_in_007,18
2024,바사980542,to_in_008,8
2024,바사980543,to_in_001,58
2024,바사980543,to_in_007,33
2024,바사980543,to_in_008,23
2024,바사980544,to_in_001,50
2024,바사980544,to_in_007,30
2024,바사980544,to_in_008,18
2024,바사980545,to_in_001,0
2024,바사980545,to_in_007,0
2024,바사980545,to_in_008,0
2024,바사981453,to_in_001,0
2024,바사981453,to_in_007,0
2024,바사981453,to_in_008,0
2024,바사981520,to_in_001,8
2024,바사981520,to_in_007,5
2024,바사981520,to_in_008,5
2024,바사981523,to_in_001,5
2024,바사981523,to_in_007,0
2024,바사981523,to_in_008,0
2024,바사981531,to_in_001,0
2024,바사981531,to_in_007,0
2024,바사981531,to_in_008,0
2024,바사981532,to_in_001,0
2024,바사981532,to_in_007,0
2024,바사981532,to_in_008,0
2024,바사981542,to_in_001,28
2024,바사981542,to_in_007,18
2024,바사981542,to_in_008,13
2024,바사981543,to_in_001,43
2024,바사981543,to_in_007,23
2024,바사981543,to_in_008,18
2024,바사981544,to_in_001,43
2024,바사981544,to_in_007,23
2024,바사981544,to_in_008,23
2024,바사981545,to_in_001,28
2024,바사981545,to_in_007,13
2024,바사981545,to_in_008,13
2024,바사982452,to_in_001,0
2024,바사982452,to_in_007,0
2024,바사982452,to_in_008,0
2024,바사982454,to_in_001,8
2024,바사982454,to_in_007,5
2024,바사982454,to_in_008,8
2024,바사982455,to_in_001,18
2024,바사982455,to_in_007,13
2024,바사982455,to_in_008,8
2024,바사949523,to_in_001,5
2024,바사949523,to_in_007,5
2024,바사949523,to_in_008,5
2024,바사949525,to_in_001,5
2024,바사949525,to_in_007,5
2024,바사949525,to_in_008,0
2024,바사949527,to_in_001,5
2024,바사949527,to_in_007,0
2024,바사949527,to_in_008,5
2024,바사949528,to_in_001,5
2024,바사949528,to_in_007,5
2024,바사949528,to_in_008,5
2024,바사950460,to_in_001,5
2024,바사950460,to_in_007,5
2024,바사950460,to_in_008,5
2024,바사950461,to_in_001,5
2024,바사950461,to_in_007,5
2024,바사950461,to_in_008,5
2024,바사950462,to_in_001,23
2024,바사950462,to_in_007,13
2024,바사950462,to_in_008,13
2024,바사950463,to_in_001,13
2024,바사950463,to_in_007,8
2024,바사950463,to_in_008,8
2024,바사950464,to_in_001,8
2024,바사950464,to_in_007,5
2024,바사950464,to_in_008,8
2024,바사950466,to_in_001,0
2024,바사950466,to_in_007,0
2024,바사950466,to_in_008,0
2024,바사950480,to_in_001,8
2024,바사950480,to_in_007,5
2024,바사950480,to_in_008,8
2024,바사950523,to_in_001,5
2024,바사950523,to_in_007,5
2024,바사950523,to_in_008,5
2024,바사950525,to_in_001,5
2024,바사950525,to_in_007,0
2024,바사950525,to_in_008,5
2024,바사950527,to_in_001,0
2024,바사950527,to_in_007,0
2024,바사950527,to_in_008,0
2024,바사950531,to_in_001,5
2024,바사950531,to_in_007,5
2024,바사950531,to_in_008,5
2024,바사951460,to_in_001,39
2024,바사951460,to_in_007,24
2024,바사951460,to_in_008,13
2024,바사951461,to_in_001,91
2024,바사951461,to_in_007,56
2024,바사951461,to_in_008,33
2024,바사951462,to_in_001,43
2024,바사951462,to_in_007,18
2024,바사951462,to_in_008,23
2024,바사951480,to_in_001,5
2024,바사951480,to_in_007,0
2024,바사951480,to_in_008,0
2024,바사951529,to_in_001,0
2024,바사951529,to_in_007,0
2024,바사951529,to_in_008,0
2024,바사951530,to_in_001,5
2024,바사951530,to_in_007,5
2024,바사951530,to_in_008,0
2024,바사951533,to_in_001,0
2024,바사951533,to_in_007,0
2024,바사951533,to_in_008,0
2024,바사951534,to_in_001,5
2024,바사951534,to_in_007,5
2024,바사951534,to_in_008,5
2024,바사952459,to_in_001,5
2024,바사952459,to_in_007,5
2024,바사952459,to_in_008,0
2024,바사952460,to_in_001,89
2024,바사952460,to_in_007,47
2024,바사952460,to_in_008,40
2024,바사952461,to_in_001,73
2024,바사952461,to_in_007,43
2024,바사952461,to_in_008,33
2024,바사952462,to_in_001,8
2024,바사952462,to_in_007,5
2024,바사952462,to_in_008,5
2024,바사952532,to_in_001,5
2024,바사952532,to_in_007,5
2024,바사952532,to_in_008,0
2024,바사952535,to_in_001,5
2024,바사952535,to_in_007,0
2024,바사952535,to_in_008,0
2024,바사953458,to_in_001,5
2024,바사953458,to_in_007,5
2024,바사953458,to_in_008,5
2024,바사953459,to_in_001,23
2024,바사953459,to_in_007,18
2024,바사953459,to_in_008,5
2024,바사953460,to_in_001,0
2024,바사953460,to_in_007,0
2024,바사953460,to_in_008,0
2024,바사953461,to_in_001,5
2024,바사953461,to_in_007,5
2024,바사953461,to_in_008,5
2024,바사953462,to_in_001,8
2024,바사953462,to_in_007,5
2024,바사953462,to_in_008,5
2024,바사953463,to_in_001,8
2024,바사953463,to_in_007,8
2024,바사953463,to_in_008,8
2024,바사953464,to_in_001,8
2024,바사953464,to_in_007,8
2024,바사953464,to_in_008,0
2024,바사953522,to_in_001,0
2024,바사953522,to_in_007,0
2024,바사953522,to_in_008,0
2024,바사953524,to_in_001,5
2024,바사953524,to_in_007,5
2024,바사953524,to_in_008,0
2024,바사988544,to_in_001,0
2024,바사988544,to_in_007,0
2024,바사988544,to_in_008,0
2024,바사989461,to_in_001,5
2024,바사989461,to_in_007,0
2024,바사989461,to_in_008,0
2024,바사989462,to_in_001,8
2024,바사989462,to_in_007,5
2024,바사989462,to_in_008,8
2024,바사989463,to_in_001,8
2024,바사989463,to_in_007,5
2024,바사989463,to_in_008,5
2024,바사989466,to_in_001,0
2024,바사989466,to_in_007,0
2024,바사989466,to_in_008,0
2024,바사989468,to_in_001,5
2024,바사989468,to_in_007,5
2024,바사989468,to_in_008,0
2024,바사990462,to_in_001,5
2024,바사990462,to_in_007,5
2024,바사990462,to_in_008,0
2024,바사990464,to_in_001,28
2024,바사990464,to_in_007,18
2024,바사990464,to_in_008,13
2024,바사990468,to_in_001,0
2024,바사990468,to_in_007,0
2024,바사990468,to_in_008,0
2024,바사990469,to_in_001,8
2024,바사990469,to_in_007,5
2024,바사990469,to_in_008,5
2024,바사990470,to_in_001,5
2024,바사990470,to_in_007,0
2024,바사990470,to_in_008,0
2024,바사990474,to_in_001,0
2024,바사990474,to_in_007,0
2024,바사990474,to_in_008,0
2024,바사990475,to_in_001,5
2024,바사990475,to_in_007,5
2024,바사990475,to_in_008,0
2024,바사990477,to_in_001,5
2024,바사990477,to_in_007,0
2024,바사990477,to_in_008,5
2024,바사990542,to_in_001,13
2024,바사990542,to_in_007,8
2024,바사990542,to_in_008,8
2024,바사991465,to_in_001,0
2024,바사991465,to_in_007,0
2024,바사991465,to_in_008,0
2024,바사991468,to_in_001,5
2024,바사991468,to_in_007,0
2024,바사991468,to_in_008,0
2024,바사991470,to_in_001,5
2024,바사991470,to_in_007,5
2024,바사991470,to_in_008,0
2024,바사991471,to_in_001,5
2024,바사991471,to_in_007,0
2024,바사991471,to_in_008,5
2024,바사991477,to_in_001,8
2024,바사991477,to_in_007,8
2024,바사991477,to_in_008,5
2024,바사992466,to_in_001,8
2024,바사992466,to_in_007,8
2024,바사992466,to_in_008,0
2024,바사992469,to_in_001,5
2024,바사992469,to_in_007,0
2024,바사992469,to_in_008,5
2024,바사992470,to_in_001,5
2024,바사992470,to_in_007,5
2024,바사992470,to_in_008,5
2024,바사992473,to_in_001,5
2024,바사992473,to_in_007,5
2024,바사992473,to_in_008,0
2024,바사992476,to_in_001,8
2024,바사992476,to_in_007,5
2024,바사992476,to_in_008,5
2024,바사993470,to_in_001,0
2024,바사993470,to_in_007,0
2024,바사993470,to_in_008,0
2024,바사993472,to_in_001,5
2024,바사993472,to_in_007,5
2024,바사993472,to_in_008,0
2024,바사993474,to_in_001,5
2024,바사993474,to_in_007,5
2024,바사993474,to_in_008,0
2024,바사994475,to_in_001,5
2024,바사994475,to_in_007,0
2024,바사994475,to_in_008,0
2024,바사994538,to_in_001,8
2024,바사994538,to_in_007,8
2024,바사994538,to_in_008,5
2024,바사994539,to_in_001,8
2024,바사994539,to_in_007,5
2024,바사994539,to_in_008,5
2024,바사994540,to_in_001,5
2024,바사994540,to_in_007,0
2024,바사994540,to_in_008,5
2024,바사995470,to_in_001,5
2024,바사995470,to_in_007,5
2024,바사995470,to_in_008,5
2024,바사995478,to_in_001,0
2024,바사995478,to_in_007,0
2024,바사995478,to_in_008,0
2024,바사995483,to_in_001,5
2024,바사995483,to_in_007,0
2024,바사995483,to_in_008,5
2024,바사995539,to_in_001,5
2024,바사995539,to_in_007,5
2024,바사995539,to_in_008,5
2024,바사996468,to_in_001,8
2024,바사996468,to_in_007,5
2024,바사996468,to_in_008,5
2024,바사996469,to_in_001,18
2024,바사996469,to_in_007,8
2024,바사996469,to_in_008,8
2024,바사996470,to_in_001,5
2024,바사996470,to_in_007,5
2024,바사996470,to_in_008,5
2024,바사996475,to_in_001,5
2024,바사996475,to_in_007,0
2024,바사996475,to_in_008,5
2024,바사996478,to_in_001,8
2024,바사996478,to_in_007,5
2024,바사996478,to_in_008,8
2024,바사996482,to_in_001,5
2024,바사996482,to_in_007,0
2024,바사996482,to_in_008,5
2024,바사996541,to_in_001,5
2024,바사996541,to_in_007,0
2024,바사996541,to_in_008,0
2024,바사996544,to_in_001,8
2024,바사996544,to_in_007,5
2024,바사996544,to_in_008,8
2024,바사997469,to_in_001,0
2024,바사997469,to_in_007,0
2024,바사997469,to_in_008,0
2024,바사997470,to_in_001,18
2024,바사997470,to_in_007,13
2024,바사997470,to_in_008,8
2024,바사919512,to_in_001,0
2024,바사919512,to_in_007,0
2024,바사919512,to_in_008,0
2024,바사921499,to_in_001,5
2024,바사921499,to_in_007,5
2024,바사921499,to_in_008,0
2024,바사921500,to_in_001,5
2024,바사921500,to_in_007,0
2024,바사921500,to_in_008,0
2024,바사922499,to_in_001,0
2024,바사922499,to_in_007,0
2024,바사922499,to_in_008,0
2024,바사922500,to_in_001,8
2024,바사922500,to_in_007,8
2024,바사922500,to_in_008,5
2024,바사922501,to_in_001,5
2024,바사922501,to_in_007,5
2024,바사922501,to_in_008,0
2024,바사923490,to_in_001,0
2024,바사923490,to_in_007,0
2024,바사923490,to_in_008,0
2024,바사923494,to_in_001,5
2024,바사923494,to_in_007,5
2024,바사923494,to_in_008,5
2024,바사923495,to_in_001,0
2024,바사923495,to_in_007,0
2024,바사923495,to_in_008,0
2024,바사923498,to_in_001,8
2024,바사923498,to_in_007,5
2024,바사923498,to_in_008,8
2024,바사923502,to_in_001,5
2024,바사923502,to_in_007,0
2024,바사923502,to_in_008,5
2024,바사923509,to_in_001,5
2024,바사923509,to_in_007,5
2024,바사923509,to_in_008,0
2024,바사924478,to_in_001,5
2024,바사924478,to_in_007,0
2024,바사924478,to_in_008,0
2024,바사924495,to_in_001,0
2024,바사924495,to_in_007,0
2024,바사924495,to_in_008,0
2024,바사924496,to_in_001,0
2024,바사924496,to_in_007,0
2024,바사924496,to_in_008,0
2024,바사924498,to_in_001,8
2024,바사924498,to_in_007,5
2024,바사924498,to_in_008,5
2024,바사924499,to_in_001,59
2024,바사924499,to_in_007,19
2024,바사924499,to_in_008,38
2024,바사924500,to_in_001,0
2024,바사924500,to_in_007,0
2024,바사924500,to_in_008,0
2024,바사924501,to_in_001,0
2024,바사924501,to_in_007,0
2024,바사924501,to_in_008,0
2024,바사925493,to_in_001,8
2024,바사925493,to_in_007,8
2024,바사925493,to_in_008,0
2024,바사925495,to_in_001,5
2024,바사925495,to_in_007,0
2024,바사925495,to_in_008,0
2024,바사925496,to_in_001,5
2024,바사925496,to_in_007,5
2024,바사925496,to_in_008,0
2024,바사925509,to_in_001,8
2024,바사925509,to_in_007,8
2024,바사925509,to_in_008,0
2024,바사925510,to_in_001,8
2024,바사925510,to_in_007,5
2024,바사925510,to_in_008,5
2024,바사925520,to_in_001,8
2024,바사925520,to_in_007,8
2024,바사925520,to_in_008,0
2024,바사926471,to_in_001,18
2024,바사926471,to_in_007,8
2024,바사926471,to_in_008,8
2024,바사926493,to_in_001,5
2024,바사926493,to_in_007,0
2024,바사926493,to_in_008,0
2024,바사926509,to_in_001,5
2024,바사926509,to_in_007,0
2024,바사926509,to_in_008,0
2024,바사926510,to_in_001,5
2024,바사926510,to_in_007,5
2024,바사926510,to_in_008,0
2024,바사927471,to_in_001,8
2024,바사927471,to_in_007,5
2024,바사927471,to_in_008,5
2024,바사927491,to_in_001,5
2024,바사927491,to_in_007,5
2024,바사927491,to_in_008,0
2024,바사928517,to_in_001,5
2024,바사928517,to_in_007,5
2024,바사928517,to_in_008,0
2024,바사929516,to_in_001,5
2024,바사929516,to_in_007,0
2024,바사929516,to_in_008,0
2024,바사929517,to_in_001,8
2024,바사929517,to_in_007,5
2024,바사929517,to_in_008,5
2024,바사929522,to_in_001,13
2024,바사929522,to_in_007,13
2024,바사929522,to_in_008,5
2024,바사930477,to_in_001,5
2024,바사930477,to_in_007,0
2024,바사930477,to_in_008,0
2024,바사930515,to_in_001,5
2024,바사930515,to_in_007,0
2024,바사930515,to_in_008,0
2024,바사930518,to_in_001,5
2024,바사930518,to_in_007,5
2024,바사930518,to_in_008,0
2024,바사930519,to_in_001,5
2024,바사930519,to_in_007,5
2024,바사930519,to_in_008,0
2024,바사930523,to_in_001,8
2024,바사930523,to_in_007,8
2024,바사930523,to_in_008,5
2024,바사931506,to_in_001,5
2024,바사931506,to_in_007,5
2024,바사931506,to_in_008,0
2024,바사931507,to_in_001,0
2024,바사931507,to_in_007,0
2024,바사931507,to_in_008,0
2024,바사965466,to_in_001,5
2024,바사965466,to_in_007,5
2024,바사965466,to_in_008,0
2024,바사965533,to_in_001,5
2024,바사965533,to_in_007,0
2024,바사965533,to_in_008,0
2024,바사965534,to_in_001,8
2024,바사965534,to_in_007,5
2024,바사965534,to_in_008,5
2024,바사965536,to_in_001,5
2024,바사965536,to_in_007,5
2024,바사965536,to_in_008,0
2024,바사966466,to_in_001,5
2024,바사966466,to_in_007,5
2024,바사966466,to_in_008,0
2024,바사966531,to_in_001,0
2024,바사966531,to_in_007,0
2024,바사966531,to_in_008,0
2024,바사966533,to_in_001,8
2024,바사966533,to_in_007,8
2024,바사966533,to_in_008,5
2024,바사966534,to_in_001,8
2024,바사966534,to_in_007,8
2024,바사966534,to_in_008,5
2024,바사966535,to_in_001,5
2024,바사966535,to_in_007,5
2024,바사966535,to_in_008,0
2024,바사967459,to_in_001,0
2024,바사967459,to_in_007,0
2024,바사967459,to_in_008,0
2024,바사967465,to_in_001,5
2024,바사967465,to_in_007,0
2024,바사967465,to_in_008,5
2024,바사967534,to_in_001,5
2024,바사967534,to_in_007,5
2024,바사967534,to_in_008,5
2024,바사967535,to_in_001,5
2024,바사967535,to_in_007,5
2024,바사967535,to_in_008,5
2024,바사968454,to_in_001,13
2024,바사968454,to_in_007,8
2024,바사968454,to_in_008,5
2024,바사968455,to_in_001,53
2024,바사968455,to_in_007,28
2024,바사968455,to_in_008,28
2024,바사968456,to_in_001,49
2024,바사968456,to_in_007,29
2024,바사968456,to_in_008,23
2024,바사968457,to_in_001,0
2024,바사968457,to_in_007,0
2024,바사968457,to_in_008,0
2024,바사968465,to_in_001,5
2024,바사968465,to_in_007,0
2024,바사968465,to_in_008,5
2024,바사968466,to_in_001,5
2024,바사968466,to_in_007,5
2024,바사968466,to_in_008,0
2024,바사968530,to_in_001,5
2024,바사968530,to_in_007,5
2024,바사968530,to_in_008,5
2024,바사968531,to_in_001,5
2024,바사968531,to_in_007,5
2024,바사968531,to_in_008,0
2024,바사968534,to_in_001,0
2024,바사968534,to_in_007,0
2024,바사968534,to_in_008,0
2024,바사968535,to_in_001,8
2024,바사968535,to_in_007,5
2024,바사968535,to_in_008,5
2024,바사968536,to_in_001,5
2024,바사968536,to_in_007,0
2024,바사968536,to_in_008,5
2024,바사969455,to_in_001,13
2024,바사969455,to_in_007,8
2024,바사969455,to_in_008,5
2024,바사969456,to_in_001,5
2024,바사969456,to_in_007,5
2024,바사969456,to_in_008,5
2024,바사969457,to_in_001,8
2024,바사969457,to_in_007,5
2024,바사969457,to_in_008,5
2024,바사970454,to_in_001,0
2024,바사970454,to_in_007,0
2024,바사970454,to_in_008,0
2024,바사970458,to_in_001,5
2024,바사970458,to_in_007,5
2024,바사970458,to_in_008,0
2024,바사971460,to_in_001,0
2024,바사971460,to_in_007,0
2024,바사971460,to_in_008,0
2024,바사972461,to_in_001,5
2024,바사972461,to_in_007,0
2024,바사972461,to_in_008,0
2024,바사972462,to_in_001,8
2024,바사972462,to_in_007,5
2024,바사972462,to_in_008,5
2024,바사973454,to_in_001,5
2024,바사973454,to_in_007,5
2024,바사973454,to_in_008,0
2024,바사973462,to_in_001,8
2024,바사973462,to_in_007,5
2024,바사973462,to_in_008,5
2024,바사974534,to_in_001,8
2024,바사974534,to_in_007,5
2024,바사974534,to_in_008,5
2024,바사975460,to_in_001,5
2024,바사975460,to_in_007,5
2024,바사975460,to_in_008,0
2024,바사976456,to_in_001,5
2024,바사976456,to_in_007,0
2024,바사976456,to_in_008,0
2024,바사977521,to_in_001,18
2024,바사977521,to_in_007,13
2024,바사977521,to_in_008,8
2024,바사977538,to_in_001,5
2024,바사977538,to_in_007,0
2024,바사977538,to_in_008,5
2024,바사977540,to_in_001,5
2024,바사977540,to_in_007,0
2024,바사977540,to_in_008,5
