2024,나마630926,to_in_001,0
2024,나마630926,to_in_007,0
2024,나마630926,to_in_008,0
2024,나마632921,to_in_001,5
2024,나마632921,to_in_007,5
2024,나마632921,to_in_008,0
2024,나마632923,to_in_001,18
2024,나마632923,to_in_007,13
2024,나마632923,to_in_008,8
2024,나마632924,to_in_001,42
2024,나마632924,to_in_007,27
2024,나마632924,to_in_008,18
2024,나마632925,to_in_001,23
2024,나마632925,to_in_007,13
2024,나마632925,to_in_008,8
2024,나마632926,to_in_001,5
2024,나마632926,to_in_007,0
2024,나마632926,to_in_008,0
2024,나마633921,to_in_001,8
2024,나마633921,to_in_007,5
2024,나마633921,to_in_008,5
2024,나마633922,to_in_001,23
2024,나마633922,to_in_007,8
2024,나마633922,to_in_008,13
2024,나마633923,to_in_001,28
2024,나마633923,to_in_007,13
2024,나마633923,to_in_008,13
2024,나마633924,to_in_001,5
2024,나마633924,to_in_007,5
2024,나마633924,to_in_008,5
2024,나마633925,to_in_001,8
2024,나마633925,to_in_007,5
2024,나마633925,to_in_008,5
2024,나마633926,to_in_001,8
2024,나마633926,to_in_007,5
2024,나마633926,to_in_008,8
2024,나마634920,to_in_001,5
2024,나마634920,to_in_007,0
2024,나마634920,to_in_008,0
2024,나마634921,to_in_001,8
2024,나마634921,to_in_007,8
2024,나마634921,to_in_008,0
2024,나마651065,to_in_001,0
2024,나마651065,to_in_007,0
2024,나마651065,to_in_008,0
2024,나마872320,to_in_001,8
2024,나마872320,to_in_007,5
2024,나마872320,to_in_008,5
2024,나마872325,to_in_001,0
2024,나마872325,to_in_007,0
2024,나마872325,to_in_008,0
2024,나마872327,to_in_001,8
2024,나마872327,to_in_007,5
2024,나마872327,to_in_008,5
2024,나마872328,to_in_001,8
2024,나마872328,to_in_007,8
2024,나마872328,to_in_008,5
2024,나마873318,to_in_001,5
2024,나마873318,to_in_007,0
2024,나마873318,to_in_008,0
2024,나마873326,to_in_001,5
2024,나마873326,to_in_007,0
2024,나마873326,to_in_008,0
2024,나마873329,to_in_001,8
2024,나마873329,to_in_007,5
2024,나마873329,to_in_008,5
2024,나마874315,to_in_001,5
2024,나마874315,to_in_007,5
2024,나마874315,to_in_008,0
2024,나마875328,to_in_001,5
2024,나마875328,to_in_007,0
2024,나마875328,to_in_008,5
2024,나마876313,to_in_001,5
2024,나마876313,to_in_007,0
2024,나마876313,to_in_008,5
2024,나마876328,to_in_001,8
2024,나마876328,to_in_007,5
2024,나마876328,to_in_008,8
2024,나마877312,to_in_001,0
2024,나마877312,to_in_007,0
2024,나마877312,to_in_008,0
2024,나마877313,to_in_001,5
2024,나마877313,to_in_007,0
2024,나마877313,to_in_008,5
2024,나마878312,to_in_001,18
2024,나마878312,to_in_007,8
2024,나마878312,to_in_008,13
2024,나마878313,to_in_001,23
2024,나마878313,to_in_007,13
2024,나마878313,to_in_008,8
2024,나마878314,to_in_001,5
2024,나마878314,to_in_007,0
2024,나마878314,to_in_008,5
2024,나마878339,to_in_001,8
2024,나마878339,to_in_007,5
2024,나마878339,to_in_008,5
2024,나마879338,to_in_001,5
2024,나마879338,to_in_007,0
2024,나마879338,to_in_008,5
2024,나마880317,to_in_001,8
2024,나마880317,to_in_007,5
2024,나마880317,to_in_008,8
2024,나마880318,to_in_001,5
2024,나마880318,to_in_007,5
2024,나마880318,to_in_008,5
2024,나마880319,to_in_001,5
2024,나마880319,to_in_007,0
2024,나마880319,to_in_008,5
2024,나마881318,to_in_001,18
2024,나마881318,to_in_007,13
2024,나마881318,to_in_008,8
2024,나마881319,to_in_001,40
2024,나마881319,to_in_007,19
2024,나마881319,to_in_008,19
2024,나마881320,to_in_001,0
2024,나마881320,to_in_007,0
2024,나마881320,to_in_008,0
2024,나마882318,to_in_001,5
2024,나마882318,to_in_007,5
2024,나마882318,to_in_008,0
2024,나마882319,to_in_001,23
2024,나마882319,to_in_007,13
2024,나마882319,to_in_008,13
2024,나마882320,to_in_001,5
2024,나마882320,to_in_007,5
2024,나마882320,to_in_008,0
2024,나마883338,to_in_001,5
2024,나마883338,to_in_007,0
2024,나마883338,to_in_008,5
2024,나마884332,to_in_001,5
2024,나마884332,to_in_007,0
2024,나마884332,to_in_008,0
2024,나마886331,to_in_001,5
2024,나마886331,to_in_007,0
2024,나마886331,to_in_008,0
2024,나마886332,to_in_001,23
2024,나마886332,to_in_007,13
2024,나마886332,to_in_008,8
2024,나마906375,to_in_001,0
2024,나마906375,to_in_007,0
2024,나마906375,to_in_008,0
2024,나마907337,to_in_001,18
2024,나마907337,to_in_007,13
2024,나마907337,to_in_008,8
2024,나마907338,to_in_001,5
2024,나마907338,to_in_007,0
2024,나마907338,to_in_008,0
2024,나마907339,to_in_001,0
2024,나마907339,to_in_007,0
2024,나마907339,to_in_008,0
2024,나마907347,to_in_001,8
2024,나마907347,to_in_007,8
2024,나마907347,to_in_008,5
2024,나마907348,to_in_001,28
2024,나마907348,to_in_007,13
2024,나마907348,to_in_008,13
2024,나마908337,to_in_001,5
2024,나마908337,to_in_007,5
2024,나마908337,to_in_008,0
2024,나마908338,to_in_001,8
2024,나마908338,to_in_007,5
2024,나마908338,to_in_008,5
2024,나마908348,to_in_001,18
2024,나마908348,to_in_007,18
2024,나마908348,to_in_008,8
2024,나마908349,to_in_001,18
2024,나마908349,to_in_007,8
2024,나마908349,to_in_008,8
2024,나마909348,to_in_001,5
2024,나마909348,to_in_007,0
2024,나마909348,to_in_008,0
2024,나마909349,to_in_001,18
2024,나마909349,to_in_007,8
2024,나마909349,to_in_008,8
2024,나마909350,to_in_001,8
2024,나마909350,to_in_007,5
2024,나마909350,to_in_008,8
2024,나마909352,to_in_001,5
2024,나마909352,to_in_007,5
2024,나마909352,to_in_008,0
2024,나마910352,to_in_001,8
2024,나마910352,to_in_007,5
2024,나마910352,to_in_008,5
2024,나마910353,to_in_001,0
2024,나마910353,to_in_007,0
2024,나마910353,to_in_008,0
2024,나마916357,to_in_001,8
2024,나마916357,to_in_007,5
2024,나마916357,to_in_008,5
2024,나마916358,to_in_001,8
2024,나마916358,to_in_007,8
2024,나마916358,to_in_008,0
2024,나마916363,to_in_001,8
2024,나마916363,to_in_007,8
2024,나마916363,to_in_008,5
2024,나마917363,to_in_001,23
2024,나마917363,to_in_007,18
2024,나마917363,to_in_008,8
2024,나마918363,to_in_001,40
2024,나마918363,to_in_007,30
2024,나마918363,to_in_008,13
2024,나마918364,to_in_001,8
2024,나마918364,to_in_007,5
2024,나마918364,to_in_008,8
2024,나마919363,to_in_001,5
2024,나마919363,to_in_007,0
2024,나마919363,to_in_008,0
2024,나마932626,to_in_001,5
2024,나마932626,to_in_007,5
2024,나마932626,to_in_008,5
2024,나마933626,to_in_001,5
2024,나마933626,to_in_007,5
2024,나마933626,to_in_008,0
2024,나마933627,to_in_001,5
2024,나마933627,to_in_007,0
2024,나마933627,to_in_008,0
2024,나마933628,to_in_001,8
2024,나마933628,to_in_007,8
2024,나마933628,to_in_008,0
2024,나마935626,to_in_001,5
2024,나마935626,to_in_007,0
2024,나마935626,to_in_008,0
2024,나마935627,to_in_001,13
2024,나마935627,to_in_007,8
2024,나마935627,to_in_008,5
2024,나마985003,to_in_001,5
2024,나마985003,to_in_007,5
2024,나마985003,to_in_008,0
2024,나마985022,to_in_001,0
2024,나마985022,to_in_007,0
2024,나마985022,to_in_008,0
2024,나마985044,to_in_001,5
2024,나마985044,to_in_007,5
2024,나마985044,to_in_008,5
2024,나마985045,to_in_001,5
2024,나마985045,to_in_007,0
2024,나마985045,to_in_008,0
2024,나마985048,to_in_001,8
2024,나마985048,to_in_007,5
2024,나마985048,to_in_008,8
2024,나마985620,to_in_001,8
2024,나마985620,to_in_007,5
2024,나마985620,to_in_008,5
2024,나마985621,to_in_001,13
2024,나마985621,to_in_007,5
2024,나마985621,to_in_008,8
2024,나마986001,to_in_001,0
2024,나마986001,to_in_007,0
2024,나마986001,to_in_008,0
2024,나마986002,to_in_001,5
2024,나마986002,to_in_007,0
2024,나마986002,to_in_008,5
2024,나마986012,to_in_001,5
2024,나마986012,to_in_007,5
2024,나마986012,to_in_008,0
2024,나마986021,to_in_001,5
2024,나마986021,to_in_007,5
2024,나마986021,to_in_008,0
2024,나마986022,to_in_001,8
2024,나마986022,to_in_007,8
2024,나마986022,to_in_008,0
2024,나마986048,to_in_001,0
2024,나마986048,to_in_007,0
2024,나마986048,to_in_008,0
2024,나마986049,to_in_001,5
2024,나마986049,to_in_007,5
2024,나마986049,to_in_008,5
2024,나마986050,to_in_001,5
2024,나마986050,to_in_007,5
2024,나마986050,to_in_008,5
2024,나마986052,to_in_001,0
2024,나마986052,to_in_007,0
2024,나마986052,to_in_008,0
2024,나마986620,to_in_001,5
2024,나마986620,to_in_007,0
2024,나마986620,to_in_008,5
2024,나마987010,to_in_001,5
2024,나마987010,to_in_007,0
2024,나마987010,to_in_008,5
2024,나마987011,to_in_001,5
2024,나마987011,to_in_007,0
2024,나마987011,to_in_008,0
2024,나마987013,to_in_001,5
2024,나마987013,to_in_007,0
2024,나마987013,to_in_008,5
2024,나마987020,to_in_001,5
2024,나마987020,to_in_007,0
2024,나마987020,to_in_008,0
2024,나마987052,to_in_001,5
2024,나마987052,to_in_007,5
2024,나마987052,to_in_008,5
2024,나마987054,to_in_001,5
2024,나마987054,to_in_007,0
2024,나마987054,to_in_008,5
2024,나마987055,to_in_001,0
2024,나마987055,to_in_007,0
2024,나마987055,to_in_008,0
2024,나마988000,to_in_001,8
2024,나마988000,to_in_007,5
2024,나마988000,to_in_008,5
2024,나마988008,to_in_001,0
2024,나마988008,to_in_007,0
2024,나마988008,to_in_008,0
2024,나마988009,to_in_001,0
2024,나마988009,to_in_007,0
2024,나마988009,to_in_008,0
2024,나마988017,to_in_001,13
2024,나마988017,to_in_007,5
2024,나마988017,to_in_008,8
2024,나마988018,to_in_001,5
2024,나마988018,to_in_007,5
2024,나마988018,to_in_008,0
2024,나마994063,to_in_001,5
2024,나마994063,to_in_007,5
2024,나마994063,to_in_008,0
2024,나마995005,to_in_001,5
2024,나마995005,to_in_007,0
2024,나마995005,to_in_008,5
2024,나마995006,to_in_001,8
2024,나마995006,to_in_007,8
2024,나마995006,to_in_008,0
2024,나마995007,to_in_001,8
2024,나마995007,to_in_007,5
2024,나마995007,to_in_008,5
2024,나마995008,to_in_001,8
2024,나마995008,to_in_007,5
2024,나마995008,to_in_008,5
2024,나마995046,to_in_001,5
2024,나마995046,to_in_007,0
2024,나마995046,to_in_008,0
2024,나마995059,to_in_001,8
2024,나마995059,to_in_007,5
2024,나마995059,to_in_008,5
2024,나마995060,to_in_001,0
2024,나마995060,to_in_007,0
2024,나마995060,to_in_008,0
2024,나마995061,to_in_001,5
2024,나마995061,to_in_007,0
2024,나마995061,to_in_008,5
2024,나마995062,to_in_001,13
2024,나마995062,to_in_007,8
2024,나마995062,to_in_008,5
2024,나마996005,to_in_001,8
2024,나마996005,to_in_007,8
2024,나마996005,to_in_008,5
2024,나마996006,to_in_001,13
2024,나마996006,to_in_007,8
2024,나마996006,to_in_008,8
2024,나마996046,to_in_001,8
2024,나마996046,to_in_007,5
2024,나마996046,to_in_008,8
2024,나마996062,to_in_001,0
2024,나마996062,to_in_007,0
2024,나마996062,to_in_008,0
2024,나마996063,to_in_001,8
2024,나마996063,to_in_007,5
2024,나마996063,to_in_008,8
2024,나마996066,to_in_001,5
2024,나마996066,to_in_007,5
2024,나마996066,to_in_008,0
2024,나마996067,to_in_001,0
2024,나마996067,to_in_007,0
2024,나마996067,to_in_008,0
2024,나마996068,to_in_001,5
2024,나마996068,to_in_007,0
2024,나마996068,to_in_008,0
2024,나마996079,to_in_001,5
2024,나마996079,to_in_007,0
2024,나마996079,to_in_008,0
2024,나마997000,to_in_001,5
2024,나마997000,to_in_007,5
2024,나마997000,to_in_008,5
2024,나마997003,to_in_001,8
2024,나마997003,to_in_007,5
2024,나마997003,to_in_008,8
2024,나마997004,to_in_001,8
2024,나마997004,to_in_007,5
2024,나마997004,to_in_008,8
2024,나마997005,to_in_001,8
2024,나마997005,to_in_007,8
2024,나마997005,to_in_008,5
2024,나마997059,to_in_001,5
2024,나마997059,to_in_007,0
2024,나마997059,to_in_008,0
2024,나마997063,to_in_001,5
2024,나마997063,to_in_007,0
2024,나마997063,to_in_008,0
2024,나마997065,to_in_001,8
2024,나마997065,to_in_007,5
2024,나마997065,to_in_008,5
2024,나마997068,to_in_001,5
2024,나마997068,to_in_007,0
2024,나마997068,to_in_008,5
2024,나마998005,to_in_001,0
2024,나마998005,to_in_007,0
2024,나마998005,to_in_008,0
2024,나마998006,to_in_001,0
2024,나마998006,to_in_007,0
2024,나마998006,to_in_008,0
2024,나마998045,to_in_001,5
2024,나마998045,to_in_007,0
2024,나마998045,to_in_008,5
2024,나마652064,to_in_001,13
2024,나마652064,to_in_007,8
2024,나마652064,to_in_008,5
2024,나마653064,to_in_001,5
2024,나마653064,to_in_007,5
2024,나마653064,to_in_008,0
2024,나마654064,to_in_001,5
2024,나마654064,to_in_007,5
2024,나마654064,to_in_008,0
2024,나마658067,to_in_001,8
2024,나마658067,to_in_007,5
2024,나마658067,to_in_008,5
2024,나마658068,to_in_001,5
2024,나마658068,to_in_007,0
2024,나마658068,to_in_008,0
2024,나마658069,to_in_001,0
2024,나마658069,to_in_007,0
2024,나마658069,to_in_008,0
2024,나마659064,to_in_001,8
2024,나마659064,to_in_007,8
2024,나마659064,to_in_008,8
2024,나마659065,to_in_001,8
2024,나마659065,to_in_007,8
2024,나마659065,to_in_008,0
2024,나마660063,to_in_001,13
2024,나마660063,to_in_007,13
2024,나마660063,to_in_008,5
2024,나마660064,to_in_001,13
2024,나마660064,to_in_007,8
2024,나마660064,to_in_008,8
2024,나마660068,to_in_001,5
2024,나마660068,to_in_007,0
2024,나마660068,to_in_008,5
2024,나마660069,to_in_001,13
2024,나마660069,to_in_007,8
2024,나마660069,to_in_008,5
2024,나마661063,to_in_001,5
2024,나마661063,to_in_007,5
2024,나마661063,to_in_008,5
2024,나마661064,to_in_001,13
2024,나마661064,to_in_007,5
2024,나마661064,to_in_008,8
2024,나마661065,to_in_001,5
2024,나마661065,to_in_007,5
2024,나마661065,to_in_008,0
2024,나마661069,to_in_001,0
2024,나마661069,to_in_007,0
2024,나마661069,to_in_008,0
2024,나마662063,to_in_001,13
2024,나마662063,to_in_007,8
2024,나마662063,to_in_008,5
2024,나마662064,to_in_001,5
2024,나마662064,to_in_007,5
2024,나마662064,to_in_008,5
2024,나마662065,to_in_001,5
2024,나마662065,to_in_007,5
2024,나마662065,to_in_008,0
2024,나마662068,to_in_001,5
2024,나마662068,to_in_007,0
2024,나마662068,to_in_008,0
2024,나마663068,to_in_001,5
2024,나마663068,to_in_007,5
2024,나마663068,to_in_008,0
2024,나마687095,to_in_001,5
2024,나마687095,to_in_007,5
2024,나마687095,to_in_008,5
2024,나마688095,to_in_001,5
2024,나마688095,to_in_007,5
2024,나마688095,to_in_008,0
2024,나마689095,to_in_001,5
2024,나마689095,to_in_007,5
2024,나마689095,to_in_008,0
2024,나마739411,to_in_001,5
2024,나마739411,to_in_007,5
2024,나마739411,to_in_008,0
2024,나마739412,to_in_001,0
2024,나마739412,to_in_007,0
2024,나마739412,to_in_008,0
2024,나마740411,to_in_001,5
2024,나마740411,to_in_007,5
2024,나마740411,to_in_008,0
2024,나마740412,to_in_001,23
2024,나마740412,to_in_007,18
2024,나마740412,to_in_008,5
2024,나마741410,to_in_001,5
2024,나마741410,to_in_007,5
2024,나마741410,to_in_008,5
2024,나마748392,to_in_001,8
2024,나마748392,to_in_007,8
2024,나마748392,to_in_008,0
2024,나마749392,to_in_001,5
2024,나마749392,to_in_007,5
2024,나마749392,to_in_008,0
2024,나마865318,to_in_001,0
2024,나마865318,to_in_007,0
2024,나마865318,to_in_008,0
2024,나마865319,to_in_001,0
2024,나마865319,to_in_007,0
2024,나마865319,to_in_008,0
2024,나마866318,to_in_001,5
2024,나마866318,to_in_007,5
2024,나마866318,to_in_008,0
2024,나마981022,to_in_001,5
2024,나마981022,to_in_007,5
2024,나마981022,to_in_008,0
2024,나마981032,to_in_001,0
2024,나마981032,to_in_007,0
2024,나마981032,to_in_008,0
2024,나마981036,to_in_001,8
2024,나마981036,to_in_007,8
2024,나마981036,to_in_008,5
2024,나마981038,to_in_001,5
2024,나마981038,to_in_007,5
2024,나마981038,to_in_008,5
2024,나마981039,to_in_001,8
2024,나마981039,to_in_007,5
2024,나마981039,to_in_008,5
2024,나마981040,to_in_001,0
2024,나마981040,to_in_007,0
2024,나마981040,to_in_008,0
2024,나마981586,to_in_001,5
2024,나마981586,to_in_007,0
2024,나마981586,to_in_008,0
2024,나마981619,to_in_001,5
2024,나마981619,to_in_007,5
2024,나마981619,to_in_008,0
2024,나마982032,to_in_001,13
2024,나마982032,to_in_007,8
2024,나마982032,to_in_008,8
2024,나마982039,to_in_001,8
2024,나마982039,to_in_007,8
2024,나마982039,to_in_008,5
2024,나마982045,to_in_001,5
2024,나마982045,to_in_007,5
2024,나마982045,to_in_008,0
2024,나마982618,to_in_001,5
2024,나마982618,to_in_007,0
2024,나마982618,to_in_008,5
2024,나마982620,to_in_001,8
2024,나마982620,to_in_007,8
2024,나마982620,to_in_008,5
2024,나마983022,to_in_001,8
2024,나마983022,to_in_007,5
2024,나마983022,to_in_008,5
2024,나마983032,to_in_001,5
2024,나마983032,to_in_007,5
2024,나마983032,to_in_008,0
2024,나마983033,to_in_001,5
2024,나마983033,to_in_007,0
2024,나마983033,to_in_008,0
2024,나마983044,to_in_001,5
2024,나마983044,to_in_007,0
2024,나마983044,to_in_008,5
2024,나마983045,to_in_001,5
2024,나마983045,to_in_007,0
2024,나마983045,to_in_008,0
2024,나마983046,to_in_001,8
2024,나마983046,to_in_007,5
2024,나마983046,to_in_008,5
2024,나마983620,to_in_001,5
2024,나마983620,to_in_007,0
2024,나마983620,to_in_008,5
2024,나마983621,to_in_001,5
2024,나마983621,to_in_007,5
2024,나마983621,to_in_008,5
2024,나마984002,to_in_001,8
2024,나마984002,to_in_007,5
2024,나마984002,to_in_008,5
2024,나마984014,to_in_001,8
2024,나마984014,to_in_007,8
2024,나마984014,to_in_008,5
2024,나마984022,to_in_001,5
2024,나마984022,to_in_007,0
2024,나마984022,to_in_008,0
2024,나마984032,to_in_001,5
2024,나마984032,to_in_007,0
2024,나마984032,to_in_008,5
2024,나마984033,to_in_001,5
2024,나마984033,to_in_007,5
2024,나마984033,to_in_008,5
2024,나마984044,to_in_001,5
2024,나마984044,to_in_007,5
2024,나마984044,to_in_008,5
2024,나마984620,to_in_001,5
2024,나마984620,to_in_007,5
2024,나마984620,to_in_008,0
2024,나마984621,to_in_001,5
2024,나마984621,to_in_007,5
2024,나마984621,to_in_008,0
2024,나마985002,to_in_001,8
2024,나마985002,to_in_007,5
2024,나마985002,to_in_008,5
2024,나마886333,to_in_001,8
2024,나마886333,to_in_007,5
2024,나마886333,to_in_008,5
2024,나마886337,to_in_001,5
2024,나마886337,to_in_007,5
2024,나마886337,to_in_008,0
2024,나마887336,to_in_001,5
2024,나마887336,to_in_007,0
2024,나마887336,to_in_008,0
2024,나마888331,to_in_001,0
2024,나마888331,to_in_007,0
2024,나마888331,to_in_008,0
2024,나마888333,to_in_001,0
2024,나마888333,to_in_007,0
2024,나마888333,to_in_008,0
2024,나마889333,to_in_001,5
2024,나마889333,to_in_007,5
2024,나마889333,to_in_008,0
2024,나마893322,to_in_001,5
2024,나마893322,to_in_007,0
2024,나마893322,to_in_008,5
2024,나마893323,to_in_001,13
2024,나마893323,to_in_007,8
2024,나마893323,to_in_008,8
2024,나마893324,to_in_001,13
2024,나마893324,to_in_007,8
2024,나마893324,to_in_008,8
2024,나마894334,to_in_001,0
2024,나마894334,to_in_007,0
2024,나마894334,to_in_008,0
2024,나마897336,to_in_001,5
2024,나마897336,to_in_007,5
2024,나마897336,to_in_008,0
2024,나마898358,to_in_001,8
2024,나마898358,to_in_007,5
2024,나마898358,to_in_008,8
2024,나마899358,to_in_001,5
2024,나마899358,to_in_007,5
2024,나마899358,to_in_008,0
2024,나마899371,to_in_001,5
2024,나마899371,to_in_007,0
2024,나마899371,to_in_008,0
2024,나마899372,to_in_001,5
2024,나마899372,to_in_007,0
2024,나마899372,to_in_008,5
2024,나마900335,to_in_001,5
2024,나마900335,to_in_007,0
2024,나마900335,to_in_008,0
2024,나마900353,to_in_001,8
2024,나마900353,to_in_007,8
2024,나마900353,to_in_008,5
2024,나마900354,to_in_001,13
2024,나마900354,to_in_007,8
2024,나마900354,to_in_008,8
2024,나마900371,to_in_001,13
2024,나마900371,to_in_007,8
2024,나마900371,to_in_008,8
2024,나마900372,to_in_001,13
2024,나마900372,to_in_007,8
2024,나마900372,to_in_008,8
2024,나마900373,to_in_001,5
2024,나마900373,to_in_007,5
2024,나마900373,to_in_008,0
2024,나마901333,to_in_001,5
2024,나마901333,to_in_007,5
2024,나마901333,to_in_008,0
2024,나마901352,to_in_001,5
2024,나마901352,to_in_007,5
2024,나마901352,to_in_008,5
2024,나마901353,to_in_001,18
2024,나마901353,to_in_007,8
2024,나마901353,to_in_008,8
2024,나마901354,to_in_001,5
2024,나마901354,to_in_007,0
2024,나마901354,to_in_008,0
2024,나마901355,to_in_001,5
2024,나마901355,to_in_007,5
2024,나마901355,to_in_008,0
2024,나마901372,to_in_001,16
2024,나마901372,to_in_007,16
2024,나마901372,to_in_008,0
2024,나마901373,to_in_001,14
2024,나마901373,to_in_007,14
2024,나마901373,to_in_008,0
2024,나마901374,to_in_001,5
2024,나마901374,to_in_007,5
2024,나마901374,to_in_008,5
2024,나마988020,to_in_001,0
2024,나마988020,to_in_007,0
2024,나마988020,to_in_008,0
2024,나마988055,to_in_001,0
2024,나마988055,to_in_007,0
2024,나마988055,to_in_008,0
2024,나마989000,to_in_001,5
2024,나마989000,to_in_007,0
2024,나마989000,to_in_008,5
2024,나마989007,to_in_001,0
2024,나마989007,to_in_007,0
2024,나마989007,to_in_008,0
2024,나마989017,to_in_001,0
2024,나마989017,to_in_007,0
2024,나마989017,to_in_008,0
2024,나마989018,to_in_001,8
2024,나마989018,to_in_007,0
2024,나마989018,to_in_008,8
2024,나마989056,to_in_001,5
2024,나마989056,to_in_007,5
2024,나마989056,to_in_008,0
2024,나마989064,to_in_001,5
2024,나마989064,to_in_007,5
2024,나마989064,to_in_008,0
2024,나마989066,to_in_001,5
2024,나마989066,to_in_007,5
2024,나마989066,to_in_008,5
2024,나마990018,to_in_001,5
2024,나마990018,to_in_007,0
2024,나마990018,to_in_008,0
2024,나마990058,to_in_001,5
2024,나마990058,to_in_007,0
2024,나마990058,to_in_008,0
2024,나마991018,to_in_001,8
2024,나마991018,to_in_007,5
2024,나마991018,to_in_008,8
2024,나마991061,to_in_001,0
2024,나마991061,to_in_007,0
2024,나마991061,to_in_008,0
2024,나마991068,to_in_001,5
2024,나마991068,to_in_007,5
2024,나마991068,to_in_008,0
2024,나마992005,to_in_001,0
2024,나마992005,to_in_007,0
2024,나마992005,to_in_008,0
2024,나마992017,to_in_001,5
2024,나마992017,to_in_007,5
2024,나마992017,to_in_008,5
2024,나마992018,to_in_001,0
2024,나마992018,to_in_007,0
2024,나마992018,to_in_008,0
2024,나마992059,to_in_001,5
2024,나마992059,to_in_007,0
2024,나마992059,to_in_008,5
2024,나마992060,to_in_001,8
2024,나마992060,to_in_007,8
2024,나마992060,to_in_008,8
2024,나마992061,to_in_001,5
2024,나마992061,to_in_007,5
2024,나마992061,to_in_008,5
2024,나마993005,to_in_001,8
2024,나마993005,to_in_007,5
2024,나마993005,to_in_008,5
2024,나마993006,to_in_001,8
2024,나마993006,to_in_007,5
2024,나마993006,to_in_008,8
2024,나마993057,to_in_001,5
2024,나마993057,to_in_007,0
2024,나마993057,to_in_008,5
2024,나마993058,to_in_001,5
2024,나마993058,to_in_007,0
2024,나마993058,to_in_008,5
2024,나마993060,to_in_001,5
2024,나마993060,to_in_007,5
2024,나마993060,to_in_008,0
2024,나마993061,to_in_001,5
2024,나마993061,to_in_007,0
2024,나마993061,to_in_008,5
2024,나마994005,to_in_001,8
2024,나마994005,to_in_007,0
2024,나마994005,to_in_008,8
2024,나마994006,to_in_001,5
2024,나마994006,to_in_007,0
2024,나마994006,to_in_008,5
2024,나마994047,to_in_001,5
2024,나마994047,to_in_007,5
2024,나마994047,to_in_008,5
2024,나마994048,to_in_001,8
2024,나마994048,to_in_007,5
2024,나마994048,to_in_008,8
2024,나마902335,to_in_001,8
2024,나마902335,to_in_007,5
2024,나마902335,to_in_008,8
2024,나마902352,to_in_001,13
2024,나마902352,to_in_007,8
2024,나마902352,to_in_008,8
2024,나마902353,to_in_001,18
2024,나마902353,to_in_007,13
2024,나마902353,to_in_008,8
2024,나마903336,to_in_001,8
2024,나마903336,to_in_007,5
2024,나마903336,to_in_008,5
2024,나마903352,to_in_001,5
2024,나마903352,to_in_007,5
2024,나마903352,to_in_008,0
2024,나마903353,to_in_001,18
2024,나마903353,to_in_007,13
2024,나마903353,to_in_008,8
2024,나마903354,to_in_001,8
2024,나마903354,to_in_007,5
2024,나마903354,to_in_008,5
2024,나마903373,to_in_001,8
2024,나마903373,to_in_007,8
2024,나마903373,to_in_008,0
2024,나마904336,to_in_001,8
2024,나마904336,to_in_007,5
2024,나마904336,to_in_008,5
2024,나마904337,to_in_001,5
2024,나마904337,to_in_007,5
2024,나마904337,to_in_008,5
2024,나마904348,to_in_001,8
2024,나마904348,to_in_007,5
2024,나마904348,to_in_008,5
2024,나마904349,to_in_001,5
2024,나마904349,to_in_007,0
2024,나마904349,to_in_008,0
2024,나마904350,to_in_001,8
2024,나마904350,to_in_007,5
2024,나마904350,to_in_008,5
2024,나마904373,to_in_001,5
2024,나마904373,to_in_007,0
2024,나마904373,to_in_008,5
2024,나마904374,to_in_001,5
2024,나마904374,to_in_007,0
2024,나마904374,to_in_008,0
2024,나마905336,to_in_001,5
2024,나마905336,to_in_007,5
2024,나마905336,to_in_008,0
2024,나마905337,to_in_001,28
2024,나마905337,to_in_007,13
2024,나마905337,to_in_008,13
2024,나마905338,to_in_001,8
2024,나마905338,to_in_007,5
2024,나마905338,to_in_008,8
2024,나마905339,to_in_001,8
2024,나마905339,to_in_007,5
2024,나마905339,to_in_008,5
2024,나마905344,to_in_001,5
2024,나마905344,to_in_007,5
2024,나마905344,to_in_008,0
2024,나마905347,to_in_001,18
2024,나마905347,to_in_007,13
2024,나마905347,to_in_008,8
2024,나마905348,to_in_001,18
2024,나마905348,to_in_007,8
2024,나마905348,to_in_008,8
2024,나마905349,to_in_001,13
2024,나마905349,to_in_007,8
2024,나마905349,to_in_008,8
2024,나마905359,to_in_001,5
2024,나마905359,to_in_007,5
2024,나마905359,to_in_008,5
2024,나마905360,to_in_001,5
2024,나마905360,to_in_007,0
2024,나마905360,to_in_008,0
2024,나마905374,to_in_001,8
2024,나마905374,to_in_007,5
2024,나마905374,to_in_008,5
2024,나마906337,to_in_001,23
2024,나마906337,to_in_007,8
2024,나마906337,to_in_008,13
2024,나마906338,to_in_001,8
2024,나마906338,to_in_007,5
2024,나마906338,to_in_008,5
2024,나마906339,to_in_001,8
2024,나마906339,to_in_007,5
2024,나마906339,to_in_008,5
2024,나마906347,to_in_001,8
2024,나마906347,to_in_007,8
2024,나마906347,to_in_008,5
2024,나마906348,to_in_001,18
2024,나마906348,to_in_007,8
2024,나마906348,to_in_008,13
2024,나마906349,to_in_001,13
2024,나마906349,to_in_007,8
2024,나마906349,to_in_008,8
2024,나마906360,to_in_001,5
2024,나마906360,to_in_007,5
2024,나마906360,to_in_008,0
2024,나마998050,to_in_001,0
2024,나마998050,to_in_007,0
2024,나마998050,to_in_008,0
2024,나마998064,to_in_001,5
2024,나마998064,to_in_007,5
2024,나마998064,to_in_008,0
2024,나마999000,to_in_001,8
2024,나마999000,to_in_007,5
2024,나마999000,to_in_008,5
2024,나마999056,to_in_001,0
2024,나마999056,to_in_007,0
2024,나마999056,to_in_008,0
2024,나마999057,to_in_001,5
2024,나마999057,to_in_007,5
2024,나마999057,to_in_008,0
2024,나마999067,to_in_001,5
2024,나마999067,to_in_007,5
2024,나마999067,to_in_008,0
2024,나마999068,to_in_001,5
2024,나마999068,to_in_007,5
2024,나마999068,to_in_008,5
2024,나마936626,to_in_001,13
2024,나마936626,to_in_007,8
2024,나마936626,to_in_008,8
2024,나마936627,to_in_001,8
2024,나마936627,to_in_007,8
2024,나마936627,to_in_008,5
2024,나마958622,to_in_001,5
2024,나마958622,to_in_007,0
2024,나마958622,to_in_008,5
2024,나마958623,to_in_001,18
2024,나마958623,to_in_007,13
2024,나마958623,to_in_008,5
2024,나마959623,to_in_001,5
2024,나마959623,to_in_007,5
2024,나마959623,to_in_008,0
2024,나마960621,to_in_001,13
2024,나마960621,to_in_007,8
2024,나마960621,to_in_008,5
2024,나마960622,to_in_001,18
2024,나마960622,to_in_007,13
2024,나마960622,to_in_008,5
2024,나마960623,to_in_001,8
2024,나마960623,to_in_007,8
2024,나마960623,to_in_008,0
2024,나마961622,to_in_001,8
2024,나마961622,to_in_007,8
2024,나마961622,to_in_008,8
2024,나마977010,to_in_001,5
2024,나마977010,to_in_007,5
2024,나마977010,to_in_008,0
2024,나마978585,to_in_001,5
2024,나마978585,to_in_007,5
2024,나마978585,to_in_008,5
2024,나마978620,to_in_001,5
2024,나마978620,to_in_007,5
2024,나마978620,to_in_008,0
2024,나마979020,to_in_001,8
2024,나마979020,to_in_007,5
2024,나마979020,to_in_008,5
2024,나마979021,to_in_001,5
2024,나마979021,to_in_007,0
2024,나마979021,to_in_008,0
2024,나마979022,to_in_001,5
2024,나마979022,to_in_007,5
2024,나마979022,to_in_008,5
2024,나마979023,to_in_001,8
2024,나마979023,to_in_007,5
2024,나마979023,to_in_008,5
2024,나마979024,to_in_001,5
2024,나마979024,to_in_007,0
2024,나마979024,to_in_008,0
2024,나마979027,to_in_001,8
2024,나마979027,to_in_007,5
2024,나마979027,to_in_008,5
2024,나마979585,to_in_001,23
2024,나마979585,to_in_007,8
2024,나마979585,to_in_008,13
2024,나마979586,to_in_001,43
2024,나마979586,to_in_007,28
2024,나마979586,to_in_008,18
2024,나마979618,to_in_001,0
2024,나마979618,to_in_007,0
2024,나마979618,to_in_008,0
2024,나마979619,to_in_001,0
2024,나마979619,to_in_007,0
2024,나마979619,to_in_008,0
2024,나마979620,to_in_001,5
2024,나마979620,to_in_007,5
2024,나마979620,to_in_008,0
2024,나마980014,to_in_001,0
2024,나마980014,to_in_007,0
2024,나마980014,to_in_008,0
2024,나마980021,to_in_001,0
2024,나마980021,to_in_007,0
2024,나마980021,to_in_008,0
2024,나마980022,to_in_001,13
2024,나마980022,to_in_007,8
2024,나마980022,to_in_008,8
2024,나마980023,to_in_001,8
2024,나마980023,to_in_007,5
2024,나마980023,to_in_008,5
2024,나마980586,to_in_001,5
2024,나마980586,to_in_007,0
2024,나마980586,to_in_008,5
2024,나마981021,to_in_001,5
2024,나마981021,to_in_007,0
2024,나마981021,to_in_008,5
