2024,가사477991,to_in_001,5
2024,가사477991,to_in_007,0
2024,가사477991,to_in_008,5
2024,가사484982,to_in_001,5
2024,가사484982,to_in_007,0
2024,가사484982,to_in_008,5
2024,가사485983,to_in_001,5
2024,가사485983,to_in_007,5
2024,가사485983,to_in_008,0
2024,가사486980,to_in_001,75
2024,가사486980,to_in_007,50
2024,가사486980,to_in_008,23
2024,가사486981,to_in_001,8
2024,가사486981,to_in_007,5
2024,가사486981,to_in_008,5
2024,가사486982,to_in_001,8
2024,가사486982,to_in_007,5
2024,가사486982,to_in_008,5
2024,가사486983,to_in_001,8
2024,가사486983,to_in_007,5
2024,가사486983,to_in_008,5
2024,가사487980,to_in_001,5
2024,가사487980,to_in_007,5
2024,가사487980,to_in_008,0
2024,가사487982,to_in_001,5
2024,가사487982,to_in_007,5
2024,가사487982,to_in_008,5
2024,가사487983,to_in_001,5
2024,가사487983,to_in_007,0
2024,가사487983,to_in_008,5
2024,가사488979,to_in_001,5
2024,가사488979,to_in_007,5
2024,가사488979,to_in_008,0
2024,가사488980,to_in_001,28
2024,가사488980,to_in_007,13
2024,가사488980,to_in_008,13
2024,가사488981,to_in_001,8
2024,가사488981,to_in_007,5
2024,가사488981,to_in_008,8
2024,가사489979,to_in_001,5
2024,가사489979,to_in_007,5
2024,가사489979,to_in_008,5
2024,가사489980,to_in_001,13
2024,가사489980,to_in_007,8
2024,가사489980,to_in_008,8
2024,가사489982,to_in_001,8
2024,가사489982,to_in_007,5
2024,가사489982,to_in_008,5
2024,가사490982,to_in_001,5
2024,가사490982,to_in_007,0
2024,가사490982,to_in_008,5
2024,가사492954,to_in_001,5
2024,가사492954,to_in_007,0
2024,가사492954,to_in_008,0
2024,가사492956,to_in_001,5
2024,가사492956,to_in_007,5
2024,가사492956,to_in_008,0
2024,가사495957,to_in_001,0
2024,가사495957,to_in_007,0
2024,가사495957,to_in_008,0
2024,가사495958,to_in_001,8
2024,가사495958,to_in_007,5
2024,가사495958,to_in_008,5
2024,가사496957,to_in_001,13
2024,가사496957,to_in_007,8
2024,가사496957,to_in_008,5
2024,가사496958,to_in_001,5
2024,가사496958,to_in_007,5
2024,가사496958,to_in_008,0
2024,가사496993,to_in_001,8
2024,가사496993,to_in_007,5
2024,가사496993,to_in_008,5
2024,가사496994,to_in_001,23
2024,가사496994,to_in_007,8
2024,가사496994,to_in_008,13
2024,가사496995,to_in_001,8
2024,가사496995,to_in_007,5
2024,가사496995,to_in_008,8
2024,가사497955,to_in_001,8
2024,가사497955,to_in_007,5
2024,가사497955,to_in_008,5
2024,가사497956,to_in_001,5
2024,가사497956,to_in_007,5
2024,가사497956,to_in_008,5
2024,가사497981,to_in_001,5
2024,가사497981,to_in_007,5
2024,가사497981,to_in_008,5
2024,가사497983,to_in_001,0
2024,가사497983,to_in_007,0
2024,가사497983,to_in_008,0
2024,가사497984,to_in_001,8
2024,가사497984,to_in_007,8
2024,가사497984,to_in_008,5
2024,가사497985,to_in_001,8
2024,가사497985,to_in_007,8
2024,가사497985,to_in_008,5
2024,가사497994,to_in_001,5
2024,가사497994,to_in_007,0
2024,가사497994,to_in_008,5
2024,가사497995,to_in_001,5
2024,가사497995,to_in_007,5
2024,가사497995,to_in_008,5
2024,가사498954,to_in_001,5
2024,가사498954,to_in_007,5
2024,가사498954,to_in_008,0
2024,가사498955,to_in_001,13
2024,가사498955,to_in_007,8
2024,가사498955,to_in_008,5
2024,가사498982,to_in_001,8
2024,가사498982,to_in_007,0
2024,가사498982,to_in_008,5
2024,가사498983,to_in_001,23
2024,가사498983,to_in_007,13
2024,가사498983,to_in_008,8
2024,가사498984,to_in_001,23
2024,가사498984,to_in_007,13
2024,가사498984,to_in_008,8
2024,가사498985,to_in_001,5
2024,가사498985,to_in_007,0
2024,가사498985,to_in_008,0
2024,가사498995,to_in_001,8
2024,가사498995,to_in_007,5
2024,가사498995,to_in_008,5
2024,가사499954,to_in_001,13
2024,가사499954,to_in_007,8
2024,가사499954,to_in_008,8
2024,가사499955,to_in_001,5
2024,가사499955,to_in_007,5
2024,가사499955,to_in_008,5
2024,가사499977,to_in_001,5
2024,가사499977,to_in_007,5
2024,가사499977,to_in_008,0
2024,가사499983,to_in_001,0
2024,가사499983,to_in_007,0
2024,가사499983,to_in_008,0
2024,가사499984,to_in_001,0
2024,가사499984,to_in_007,0
2024,가사499984,to_in_008,0
2024,가사499999,to_in_001,5
2024,가사499999,to_in_007,0
2024,가사499999,to_in_008,0
2024,가사500953,to_in_001,5
2024,가사500953,to_in_007,5
2024,가사500953,to_in_008,5
2024,가사500954,to_in_001,18
2024,가사500954,to_in_007,8
2024,가사500954,to_in_008,8
2024,가사500955,to_in_001,5
2024,가사500955,to_in_007,0
2024,가사500955,to_in_008,5
2024,가사500984,to_in_001,8
2024,가사500984,to_in_007,5
2024,가사500984,to_in_008,8
2024,가사500985,to_in_001,13
2024,가사500985,to_in_007,8
2024,가사500985,to_in_008,5
2024,가사500986,to_in_001,5
2024,가사500986,to_in_007,0
2024,가사500986,to_in_008,5
2024,가사500994,to_in_001,0
2024,가사500994,to_in_007,0
2024,가사500994,to_in_008,0
2024,가사501986,to_in_001,5
2024,가사501986,to_in_007,5
2024,가사501986,to_in_008,0
2024,가사502985,to_in_001,5
2024,가사502985,to_in_007,0
2024,가사502985,to_in_008,0
2024,가사503991,to_in_001,8
2024,가사503991,to_in_007,5
2024,가사503991,to_in_008,5
2024,가사503992,to_in_001,5
2024,가사503992,to_in_007,5
2024,가사503992,to_in_008,5
2024,가사504989,to_in_001,23
2024,가사504989,to_in_007,13
2024,가사504989,to_in_008,8
2024,가사504990,to_in_001,28
2024,가사504990,to_in_007,13
2024,가사504990,to_in_008,13
2024,가사504991,to_in_001,5
2024,가사504991,to_in_007,0
2024,가사504991,to_in_008,0
2024,가사505989,to_in_001,23
2024,가사505989,to_in_007,13
2024,가사505989,to_in_008,8
2024,가사505990,to_in_001,18
2024,가사505990,to_in_007,13
2024,가사505990,to_in_008,8
2024,가사505991,to_in_001,5
2024,가사505991,to_in_007,5
2024,가사505991,to_in_008,0
2024,가사506989,to_in_001,0
2024,가사506989,to_in_007,0
2024,가사506989,to_in_008,0
2024,가사506990,to_in_001,23
2024,가사506990,to_in_007,13
2024,가사506990,to_in_008,8
2024,가사506991,to_in_001,23
2024,가사506991,to_in_007,13
2024,가사506991,to_in_008,8
2024,가사506992,to_in_001,18
2024,가사506992,to_in_007,8
2024,가사506992,to_in_008,8
2024,가사507990,to_in_001,18
2024,가사507990,to_in_007,8
2024,가사507990,to_in_008,8
2024,가사507991,to_in_001,18
2024,가사507991,to_in_007,8
2024,가사507991,to_in_008,8
2024,가사507992,to_in_001,43
2024,가사507992,to_in_007,23
2024,가사507992,to_in_008,18
2024,가사507993,to_in_001,23
2024,가사507993,to_in_007,13
2024,가사507993,to_in_008,13
2024,가사508990,to_in_001,5
2024,가사508990,to_in_007,5
2024,가사508990,to_in_008,0
2024,가사508991,to_in_001,8
2024,가사508991,to_in_007,5
2024,가사508991,to_in_008,5
2024,가사508992,to_in_001,33
2024,가사508992,to_in_007,18
2024,가사508992,to_in_008,18
2024,가사508993,to_in_001,34
2024,가사508993,to_in_007,18
2024,가사508993,to_in_008,14
2024,가사508994,to_in_001,43
2024,가사508994,to_in_007,18
2024,가사508994,to_in_008,28
2024,가사509991,to_in_001,23
2024,가사509991,to_in_007,13
2024,가사509991,to_in_008,8
2024,가사509992,to_in_001,13
2024,가사509992,to_in_007,8
2024,가사509992,to_in_008,5
2024,가사509993,to_in_001,33
2024,가사509993,to_in_007,18
2024,가사509993,to_in_008,13
2024,가사509994,to_in_001,0
2024,가사509994,to_in_007,0
2024,가사509994,to_in_008,0
2024,가사509995,to_in_001,0
2024,가사509995,to_in_007,0
2024,가사509995,to_in_008,0
2024,가사510990,to_in_001,8
2024,가사510990,to_in_007,8
2024,가사510990,to_in_008,5
2024,가사510992,to_in_001,8
2024,가사510992,to_in_007,5
2024,가사510992,to_in_008,5
2024,가사510994,to_in_001,42
2024,가사510994,to_in_007,32
2024,가사510994,to_in_008,8
2024,가사511991,to_in_001,66
2024,가사511991,to_in_007,61
2024,가사511991,to_in_008,5
2024,가사511992,to_in_001,24
2024,가사511992,to_in_007,21
2024,가사511992,to_in_008,0
2024,가사511993,to_in_001,39
2024,가사511993,to_in_007,5
2024,가사511993,to_in_008,39
2024,가사511994,to_in_001,5
2024,가사511994,to_in_007,5
2024,가사511994,to_in_008,0
2024,가사512994,to_in_001,100
2024,가사512994,to_in_007,55
2024,가사512994,to_in_008,43
2024,가사512995,to_in_001,19
2024,가사512995,to_in_007,19
2024,가사512995,to_in_008,5
2024,가사512996,to_in_001,0
2024,가사512996,to_in_007,0
2024,가사512996,to_in_008,0
2024,가사513955,to_in_001,0
2024,가사513955,to_in_007,0
2024,가사513955,to_in_008,0
2024,가사513994,to_in_001,124
2024,가사513994,to_in_007,68
2024,가사513994,to_in_008,54
2024,가사513995,to_in_001,87
2024,가사513995,to_in_007,68
2024,가사513995,to_in_008,17
2024,가사513996,to_in_001,49
2024,가사513996,to_in_007,24
2024,가사513996,to_in_008,23
2024,가사514951,to_in_001,5
2024,가사514951,to_in_007,5
2024,가사514951,to_in_008,0
2024,가사514953,to_in_001,5
2024,가사514953,to_in_007,0
2024,가사514953,to_in_008,0
2024,가사514955,to_in_001,13
2024,가사514955,to_in_007,5
2024,가사514955,to_in_008,8
2024,가사514956,to_in_001,8
2024,가사514956,to_in_007,8
2024,가사514956,to_in_008,5
2024,가사514957,to_in_001,18
2024,가사514957,to_in_007,8
2024,가사514957,to_in_008,8
2024,가사514958,to_in_001,18
2024,가사514958,to_in_007,8
2024,가사514958,to_in_008,8
2024,가사514959,to_in_001,23
2024,가사514959,to_in_007,18
2024,가사514959,to_in_008,8
2024,가사514995,to_in_001,42
2024,가사514995,to_in_007,32
2024,가사514995,to_in_008,8
2024,가사515951,to_in_001,5
2024,가사515951,to_in_007,0
2024,가사515951,to_in_008,0
2024,가사515952,to_in_001,5
2024,가사515952,to_in_007,0
2024,가사515952,to_in_008,5
2024,가사515954,to_in_001,13
2024,가사515954,to_in_007,5
2024,가사515954,to_in_008,8
2024,가사515955,to_in_001,5
2024,가사515955,to_in_007,5
2024,가사515955,to_in_008,5
2024,가사515956,to_in_001,13
2024,가사515956,to_in_007,8
2024,가사515956,to_in_008,8
2024,가사515957,to_in_001,8
2024,가사515957,to_in_007,8
2024,가사515957,to_in_008,8
2024,가사515958,to_in_001,5
2024,가사515958,to_in_007,5
2024,가사515958,to_in_008,0
2024,가사515959,to_in_001,23
2024,가사515959,to_in_007,13
2024,가사515959,to_in_008,13
2024,가사515960,to_in_001,23
2024,가사515960,to_in_007,13
2024,가사515960,to_in_008,13
2024,가사516953,to_in_001,8
2024,가사516953,to_in_007,5
2024,가사516953,to_in_008,5
2024,가사516959,to_in_001,8
2024,가사516959,to_in_007,8
2024,가사516959,to_in_008,8
2024,가사516960,to_in_001,8
2024,가사516960,to_in_007,8
2024,가사516960,to_in_008,0
2024,가사517996,to_in_001,5
2024,가사517996,to_in_007,0
2024,가사517996,to_in_008,0
2024,가사519996,to_in_001,23
2024,가사519996,to_in_007,13
2024,가사519996,to_in_008,13
2024,가사519997,to_in_001,68
2024,가사519997,to_in_007,35
2024,가사519997,to_in_008,31
2024,가사520996,to_in_001,13
2024,가사520996,to_in_007,8
2024,가사520996,to_in_008,8
2024,가사520997,to_in_001,13
2024,가사520997,to_in_007,8
2024,가사520997,to_in_008,5
2024,가사520998,to_in_001,5
2024,가사520998,to_in_007,0
2024,가사520998,to_in_008,5
2024,가사521994,to_in_001,5
2024,가사521994,to_in_007,5
2024,가사521994,to_in_008,5
2024,가사521995,to_in_001,5
2024,가사521995,to_in_007,0
2024,가사521995,to_in_008,0
2024,가사521998,to_in_001,5
2024,가사521998,to_in_007,0
2024,가사521998,to_in_008,0
2024,가사522831,to_in_001,0
2024,가사522831,to_in_007,0
2024,가사522831,to_in_008,0
2024,가사522994,to_in_001,5
2024,가사522994,to_in_007,5
2024,가사522994,to_in_008,5
2024,가사523828,to_in_001,5
2024,가사523828,to_in_007,0
2024,가사523828,to_in_008,5
2024,가사523829,to_in_001,18
2024,가사523829,to_in_007,8
2024,가사523829,to_in_008,8
2024,가사523830,to_in_001,28
2024,가사523830,to_in_007,13
2024,가사523830,to_in_008,13
2024,가사523964,to_in_001,5
2024,가사523964,to_in_007,0
2024,가사523964,to_in_008,0
2024,가사523965,to_in_001,5
2024,가사523965,to_in_007,0
2024,가사523965,to_in_008,5
2024,가사523966,to_in_001,8
2024,가사523966,to_in_007,5
2024,가사523966,to_in_008,8
2024,가사523994,to_in_001,5
2024,가사523994,to_in_007,0
2024,가사523994,to_in_008,5
2024,가사524827,to_in_001,5
2024,가사524827,to_in_007,0
2024,가사524827,to_in_008,5
2024,가사524829,to_in_001,5
2024,가사524829,to_in_007,5
2024,가사524829,to_in_008,0
2024,가사524830,to_in_001,28
2024,가사524830,to_in_007,18
2024,가사524830,to_in_008,8
2024,가사524964,to_in_001,13
2024,가사524964,to_in_007,8
2024,가사524964,to_in_008,8
2024,가사524965,to_in_001,28
2024,가사524965,to_in_007,13
2024,가사524965,to_in_008,13
2024,가사524966,to_in_001,8
2024,가사524966,to_in_007,5
2024,가사524966,to_in_008,8
2024,가사524967,to_in_001,8
2024,가사524967,to_in_007,8
2024,가사524967,to_in_008,5
2024,가사525829,to_in_001,5
2024,가사525829,to_in_007,5
2024,가사525829,to_in_008,0
2024,가사525830,to_in_001,5
2024,가사525830,to_in_007,5
2024,가사525830,to_in_008,0
2024,가사525964,to_in_001,13
2024,가사525964,to_in_007,5
2024,가사525964,to_in_008,8
2024,가사525965,to_in_001,28
2024,가사525965,to_in_007,13
2024,가사525965,to_in_008,13
2024,가사525966,to_in_001,18
2024,가사525966,to_in_007,8
2024,가사525966,to_in_008,8
2024,가사525967,to_in_001,5
2024,가사525967,to_in_007,0
2024,가사525967,to_in_008,5
2024,가사525968,to_in_001,5
2024,가사525968,to_in_007,5
2024,가사525968,to_in_008,0
2024,가사526963,to_in_001,5
2024,가사526963,to_in_007,0
2024,가사526963,to_in_008,5
2024,가사526964,to_in_001,8
2024,가사526964,to_in_007,5
2024,가사526964,to_in_008,8
2024,가사526965,to_in_001,13
2024,가사526965,to_in_007,5
2024,가사526965,to_in_008,8
2024,가사527963,to_in_001,5
2024,가사527963,to_in_007,5
2024,가사527963,to_in_008,0
2024,가사527972,to_in_001,8
2024,가사527972,to_in_007,8
2024,가사527972,to_in_008,0
2024,가사528963,to_in_001,5
2024,가사528963,to_in_007,0
2024,가사528963,to_in_008,5
2024,가사528964,to_in_001,0
2024,가사528964,to_in_007,0
2024,가사528964,to_in_008,0
2024,가사529845,to_in_001,5
2024,가사529845,to_in_007,5
2024,가사529845,to_in_008,5
2024,가사530846,to_in_001,0
2024,가사530846,to_in_007,0
2024,가사530846,to_in_008,0
2024,가사530847,to_in_001,8
2024,가사530847,to_in_007,5
2024,가사530847,to_in_008,5
2024,가사530850,to_in_001,33
2024,가사530850,to_in_007,18
2024,가사530850,to_in_008,18
2024,가사530958,to_in_001,5
2024,가사530958,to_in_007,5
2024,가사530958,to_in_008,5
2024,가사531846,to_in_001,13
2024,가사531846,to_in_007,8
2024,가사531846,to_in_008,8
2024,가사531847,to_in_001,23
2024,가사531847,to_in_007,8
2024,가사531847,to_in_008,13
2024,가사531848,to_in_001,23
2024,가사531848,to_in_007,13
2024,가사531848,to_in_008,8
2024,가사531849,to_in_001,13
2024,가사531849,to_in_007,8
2024,가사531849,to_in_008,8
2024,가사531850,to_in_001,47
2024,가사531850,to_in_007,37
2024,가사531850,to_in_008,8
2024,가사531851,to_in_001,8
2024,가사531851,to_in_007,5
2024,가사531851,to_in_008,5
2024,가사532846,to_in_001,5
2024,가사532846,to_in_007,5
2024,가사532846,to_in_008,5
2024,가사532847,to_in_001,8
2024,가사532847,to_in_007,5
2024,가사532847,to_in_008,5
2024,가사532848,to_in_001,13
2024,가사532848,to_in_007,8
2024,가사532848,to_in_008,5
2024,가사532849,to_in_001,18
2024,가사532849,to_in_007,8
2024,가사532849,to_in_008,8
2024,가사532851,to_in_001,18
2024,가사532851,to_in_007,13
2024,가사532851,to_in_008,5
2024,가사533851,to_in_001,28
2024,가사533851,to_in_007,18
2024,가사533851,to_in_008,13
2024,가사534851,to_in_001,8
2024,가사534851,to_in_007,8
2024,가사534851,to_in_008,5
2024,가사534852,to_in_001,18
2024,가사534852,to_in_007,8
2024,가사534852,to_in_008,8
2024,가사534853,to_in_001,5
2024,가사534853,to_in_007,5
2024,가사534853,to_in_008,0
2024,가사535852,to_in_001,18
2024,가사535852,to_in_007,13
2024,가사535852,to_in_008,5
2024,가사535853,to_in_001,13
2024,가사535853,to_in_007,8
2024,가사535853,to_in_008,8
2024,가사535953,to_in_001,5
2024,가사535953,to_in_007,5
2024,가사535953,to_in_008,5
2024,가사536850,to_in_001,0
2024,가사536850,to_in_007,0
2024,가사536850,to_in_008,0
2024,가사536853,to_in_001,8
2024,가사536853,to_in_007,5
2024,가사536853,to_in_008,5
2024,가사537850,to_in_001,8
2024,가사537850,to_in_007,5
2024,가사537850,to_in_008,5
2024,가사537851,to_in_001,8
2024,가사537851,to_in_007,8
2024,가사537851,to_in_008,5
2024,가사538849,to_in_001,18
2024,가사538849,to_in_007,8
2024,가사538849,to_in_008,8
2024,가사538850,to_in_001,28
2024,가사538850,to_in_007,13
2024,가사538850,to_in_008,13
2024,가사538851,to_in_001,8
2024,가사538851,to_in_007,5
2024,가사538851,to_in_008,5
2024,가사539848,to_in_001,5
2024,가사539848,to_in_007,5
2024,가사539848,to_in_008,0
2024,가사539849,to_in_001,13
2024,가사539849,to_in_007,8
2024,가사539849,to_in_008,8
2024,가사539850,to_in_001,13
2024,가사539850,to_in_007,5
2024,가사539850,to_in_008,8
2024,가사539851,to_in_001,28
2024,가사539851,to_in_007,18
2024,가사539851,to_in_008,13
2024,가사539852,to_in_001,8
2024,가사539852,to_in_007,8
2024,가사539852,to_in_008,5
2024,가사539853,to_in_001,5
2024,가사539853,to_in_007,5
2024,가사539853,to_in_008,5
2024,가사539969,to_in_001,5
2024,가사539969,to_in_007,5
2024,가사539969,to_in_008,0
2024,가사540850,to_in_001,0
2024,가사540850,to_in_007,0
2024,가사540850,to_in_008,0
2024,가사540851,to_in_001,5
2024,가사540851,to_in_007,0
2024,가사540851,to_in_008,0
2024,가사541833,to_in_001,5
2024,가사541833,to_in_007,0
2024,가사541833,to_in_008,5
2024,가사541852,to_in_001,0
2024,가사541852,to_in_007,0
2024,가사541852,to_in_008,0
2024,가사541853,to_in_001,18
2024,가사541853,to_in_007,13
2024,가사541853,to_in_008,5
2024,가사541854,to_in_001,8
2024,가사541854,to_in_007,5
2024,가사541854,to_in_008,5
2024,가사541861,to_in_001,5
2024,가사541861,to_in_007,5
2024,가사541861,to_in_008,0
2024,가사541864,to_in_001,5
2024,가사541864,to_in_007,0
2024,가사541864,to_in_008,5
2024,가사541865,to_in_001,43
2024,가사541865,to_in_007,28
2024,가사541865,to_in_008,13
2024,가사541866,to_in_001,5
2024,가사541866,to_in_007,5
2024,가사541866,to_in_008,5
2024,가사542833,to_in_001,13
2024,가사542833,to_in_007,8
2024,가사542833,to_in_008,8
2024,가사542834,to_in_001,5
2024,가사542834,to_in_007,5
2024,가사542834,to_in_008,0
2024,가사542854,to_in_001,18
2024,가사542854,to_in_007,13
2024,가사542854,to_in_008,8
2024,가사542859,to_in_001,8
2024,가사542859,to_in_007,8
2024,가사542859,to_in_008,5
2024,가사542860,to_in_001,18
2024,가사542860,to_in_007,13
2024,가사542860,to_in_008,5
2024,가사542862,to_in_001,5
2024,가사542862,to_in_007,5
2024,가사542862,to_in_008,0
2024,가사542863,to_in_001,5
2024,가사542863,to_in_007,5
2024,가사542863,to_in_008,5
2024,가사542864,to_in_001,54
2024,가사542864,to_in_007,34
2024,가사542864,to_in_008,18
2024,가사542865,to_in_001,28
2024,가사542865,to_in_007,18
2024,가사542865,to_in_008,13
2024,가사542866,to_in_001,8
2024,가사542866,to_in_007,8
2024,가사542866,to_in_008,5
2024,가사543834,to_in_001,23
2024,가사543834,to_in_007,13
2024,가사543834,to_in_008,8
2024,가사543835,to_in_001,8
2024,가사543835,to_in_007,5
2024,가사543835,to_in_008,5
2024,가사543861,to_in_001,0
2024,가사543861,to_in_007,0
2024,가사543861,to_in_008,0
2024,가사543862,to_in_001,28
2024,가사543862,to_in_007,18
2024,가사543862,to_in_008,8
2024,가사543863,to_in_001,18
2024,가사543863,to_in_007,8
2024,가사543863,to_in_008,8
2024,가사543864,to_in_001,5
2024,가사543864,to_in_007,5
2024,가사543864,to_in_008,5
2024,가사544834,to_in_001,5
2024,가사544834,to_in_007,5
2024,가사544834,to_in_008,5
2024,가사544835,to_in_001,18
2024,가사544835,to_in_007,8
2024,가사544835,to_in_008,8
2024,가사546975,to_in_001,5
2024,가사546975,to_in_007,5
2024,가사546975,to_in_008,0
2024,가사546976,to_in_001,0
2024,가사546976,to_in_007,0
2024,가사546976,to_in_008,0
2024,가사547840,to_in_001,13
2024,가사547840,to_in_007,8
2024,가사547840,to_in_008,5
2024,가사547841,to_in_001,8
2024,가사547841,to_in_007,8
2024,가사547841,to_in_008,8
2024,가사547842,to_in_001,34
2024,가사547842,to_in_007,19
2024,가사547842,to_in_008,13
2024,가사547843,to_in_001,40
2024,가사547843,to_in_007,25
2024,가사547843,to_in_008,13
2024,가사548840,to_in_001,5
2024,가사548840,to_in_007,5
2024,가사548840,to_in_008,5
2024,가사548841,to_in_001,69
2024,가사548841,to_in_007,44
2024,가사548841,to_in_008,23
2024,가사548842,to_in_001,67
2024,가사548842,to_in_007,42
2024,가사548842,to_in_008,28
2024,가사548843,to_in_001,37
2024,가사548843,to_in_007,32
2024,가사548843,to_in_008,8
2024,가사548844,to_in_001,5
2024,가사548844,to_in_007,5
2024,가사548844,to_in_008,0
2024,가사549841,to_in_001,55
2024,가사549841,to_in_007,40
2024,가사549841,to_in_008,18
2024,가사549842,to_in_001,8
2024,가사549842,to_in_007,5
2024,가사549842,to_in_008,5
2024,가사549997,to_in_001,13
2024,가사549997,to_in_007,5
2024,가사549997,to_in_008,8
2024,가사550841,to_in_001,0
2024,가사550841,to_in_007,0
2024,가사550841,to_in_008,0
2024,가사550982,to_in_001,5
2024,가사550982,to_in_007,5
2024,가사550982,to_in_008,0
2024,가사550989,to_in_001,5
2024,가사550989,to_in_007,0
2024,가사550989,to_in_008,5
2024,가사551989,to_in_001,13
2024,가사551989,to_in_007,8
2024,가사551989,to_in_008,5
2024,가사551993,to_in_001,5
2024,가사551993,to_in_007,5
2024,가사551993,to_in_008,0
2024,가사552984,to_in_001,8
2024,가사552984,to_in_007,5
2024,가사552984,to_in_008,5
2024,가사552985,to_in_001,0
2024,가사552985,to_in_007,0
2024,가사552985,to_in_008,0
2024,가사552987,to_in_001,5
2024,가사552987,to_in_007,5
2024,가사552987,to_in_008,0
2024,가사553984,to_in_001,18
2024,가사553984,to_in_007,8
2024,가사553984,to_in_008,8
2024,가사553985,to_in_001,8
2024,가사553985,to_in_007,5
2024,가사553985,to_in_008,5
2024,가사553987,to_in_001,5
2024,가사553987,to_in_007,5
2024,가사553987,to_in_008,0
2024,가사554984,to_in_001,8
2024,가사554984,to_in_007,5
2024,가사554984,to_in_008,8
2024,가사554985,to_in_001,18
2024,가사554985,to_in_007,8
2024,가사554985,to_in_008,13
2024,가사554987,to_in_001,5
2024,가사554987,to_in_007,5
2024,가사554987,to_in_008,0
2024,가사554988,to_in_001,5
2024,가사554988,to_in_007,5
2024,가사554988,to_in_008,0
2024,가사555984,to_in_001,13
2024,가사555984,to_in_007,8
2024,가사555984,to_in_008,8
2024,가사555985,to_in_001,38
2024,가사555985,to_in_007,23
2024,가사555985,to_in_008,13
2024,가사555986,to_in_001,13
2024,가사555986,to_in_007,8
2024,가사555986,to_in_008,8
2024,가사556983,to_in_001,8
2024,가사556983,to_in_007,8
2024,가사556983,to_in_008,0
2024,가사556984,to_in_001,48
2024,가사556984,to_in_007,33
2024,가사556984,to_in_008,18
2024,가사556985,to_in_001,28
2024,가사556985,to_in_007,18
2024,가사556985,to_in_008,13
2024,가사556986,to_in_001,13
2024,가사556986,to_in_007,5
2024,가사556986,to_in_008,8
2024,가사557984,to_in_001,13
2024,가사557984,to_in_007,8
2024,가사557984,to_in_008,8
2024,가사557985,to_in_001,13
2024,가사557985,to_in_007,8
2024,가사557985,to_in_008,5
2024,가사557986,to_in_001,18
2024,가사557986,to_in_007,13
2024,가사557986,to_in_008,8
2024,가사558770,to_in_001,5
2024,가사558770,to_in_007,5
2024,가사558770,to_in_008,0
2024,가사558984,to_in_001,5
2024,가사558984,to_in_007,5
2024,가사558984,to_in_008,5
2024,가사558986,to_in_001,5
2024,가사558986,to_in_007,0
2024,가사558986,to_in_008,0
2024,가사559999,to_in_001,8
2024,가사559999,to_in_007,8
2024,가사559999,to_in_008,5
2024,가사560987,to_in_001,5
2024,가사560987,to_in_007,0
2024,가사560987,to_in_008,5
2024,가사563998,to_in_001,8
2024,가사563998,to_in_007,8
2024,가사563998,to_in_008,0
2024,가사564986,to_in_001,0
2024,가사564986,to_in_007,0
2024,가사564986,to_in_008,0
2024,가사564988,to_in_001,5
2024,가사564988,to_in_007,5
2024,가사564988,to_in_008,0
2024,가사565782,to_in_001,5
2024,가사565782,to_in_007,0
2024,가사565782,to_in_008,0
2024,가사566985,to_in_001,5
2024,가사566985,to_in_007,5
2024,가사566985,to_in_008,0
2024,가사567777,to_in_001,8
2024,가사567777,to_in_007,8
2024,가사567777,to_in_008,8
2024,가사567982,to_in_001,8
2024,가사567982,to_in_007,8
2024,가사567982,to_in_008,0
2024,가사567983,to_in_001,13
2024,가사567983,to_in_007,5
2024,가사567983,to_in_008,8
2024,가사567984,to_in_001,8
2024,가사567984,to_in_007,5
2024,가사567984,to_in_008,5
2024,가사567985,to_in_001,43
2024,가사567985,to_in_007,28
2024,가사567985,to_in_008,18
2024,가사568776,to_in_001,8
2024,가사568776,to_in_007,8
2024,가사568776,to_in_008,0
2024,가사568777,to_in_001,23
2024,가사568777,to_in_007,13
2024,가사568777,to_in_008,8
2024,가사568983,to_in_001,13
2024,가사568983,to_in_007,8
2024,가사568983,to_in_008,5
2024,가사568984,to_in_001,5
2024,가사568984,to_in_007,5
2024,가사568984,to_in_008,5
2024,가사568985,to_in_001,13
2024,가사568985,to_in_007,8
2024,가사568985,to_in_008,5
2024,가사569777,to_in_001,5
2024,가사569777,to_in_007,5
2024,가사569777,to_in_008,0
2024,가사570987,to_in_001,23
2024,가사570987,to_in_007,18
2024,가사570987,to_in_008,8
2024,가사575784,to_in_001,5
2024,가사575784,to_in_007,0
2024,가사575784,to_in_008,0
2024,가사578782,to_in_001,18
2024,가사578782,to_in_007,13
2024,가사578782,to_in_008,8
2024,가사578783,to_in_001,13
2024,가사578783,to_in_007,8
2024,가사578783,to_in_008,8
2024,가사578784,to_in_001,8
2024,가사578784,to_in_007,8
2024,가사578784,to_in_008,5
2024,가사579781,to_in_001,13
2024,가사579781,to_in_007,8
2024,가사579781,to_in_008,5
2024,가사579782,to_in_001,43
2024,가사579782,to_in_007,23
2024,가사579782,to_in_008,18
2024,가사579783,to_in_001,13
2024,가사579783,to_in_007,8
2024,가사579783,to_in_008,8
2024,가사579784,to_in_001,8
2024,가사579784,to_in_007,5
2024,가사579784,to_in_008,5
2024,가사580781,to_in_001,8
2024,가사580781,to_in_007,8
2024,가사580781,to_in_008,8
2024,가사580782,to_in_001,33
2024,가사580782,to_in_007,18
2024,가사580782,to_in_008,13
2024,가사580783,to_in_001,5
2024,가사580783,to_in_007,0
2024,가사580783,to_in_008,0
2024,가사581782,to_in_001,5
2024,가사581782,to_in_007,0
2024,가사581782,to_in_008,0
