2024,가아469010,to_in_001,33
2024,가아469010,to_in_007,23
2024,가아469010,to_in_008,13
2024,가아469011,to_in_001,5
2024,가아469011,to_in_007,0
2024,가아469011,to_in_008,5
2024,가아470001,to_in_001,5
2024,가아470001,to_in_007,0
2024,가아470001,to_in_008,0
2024,가아470010,to_in_001,18
2024,가아470010,to_in_007,13
2024,가아470010,to_in_008,5
2024,가아470011,to_in_001,0
2024,가아470011,to_in_007,0
2024,가아470011,to_in_008,0
2024,가아471006,to_in_001,8
2024,가아471006,to_in_007,8
2024,가아471006,to_in_008,8
2024,가아474006,to_in_001,8
2024,가아474006,to_in_007,8
2024,가아474006,to_in_008,0
2024,가아492001,to_in_001,8
2024,가아492001,to_in_007,5
2024,가아492001,to_in_008,5
2024,가아493001,to_in_001,5
2024,가아493001,to_in_007,5
2024,가아493001,to_in_008,5
2024,가아493002,to_in_001,18
2024,가아493002,to_in_007,13
2024,가아493002,to_in_008,8
2024,가아520012,to_in_001,5
2024,가아520012,to_in_007,5
2024,가아520012,to_in_008,5
2024,가아521013,to_in_001,0
2024,가아521013,to_in_007,0
2024,가아521013,to_in_008,0
2024,가아524000,to_in_001,8
2024,가아524000,to_in_007,8
2024,가아524000,to_in_008,5
2024,가아526011,to_in_001,5
2024,가아526011,to_in_007,5
2024,가아526011,to_in_008,0
2024,가아532012,to_in_001,18
2024,가아532012,to_in_007,8
2024,가아532012,to_in_008,8
2024,가아532013,to_in_001,5
2024,가아532013,to_in_007,0
2024,가아532013,to_in_008,0
2024,가아533009,to_in_001,33
2024,가아533009,to_in_007,18
2024,가아533009,to_in_008,13
2024,가아533011,to_in_001,18
2024,가아533011,to_in_007,8
2024,가아533011,to_in_008,8
2024,가아533012,to_in_001,23
2024,가아533012,to_in_007,13
2024,가아533012,to_in_008,13
2024,가아533013,to_in_001,5
2024,가아533013,to_in_007,5
2024,가아533013,to_in_008,0
2024,가아534007,to_in_001,8
2024,가아534007,to_in_007,8
2024,가아534007,to_in_008,0
2024,가아534008,to_in_001,5
2024,가아534008,to_in_007,5
2024,가아534008,to_in_008,5
2024,가아535008,to_in_001,5
2024,가아535008,to_in_007,5
2024,가아535008,to_in_008,0
2024,가아536008,to_in_001,5
2024,가아536008,to_in_007,5
2024,가아536008,to_in_008,0
2024,가아537008,to_in_001,18
2024,가아537008,to_in_007,8
2024,가아537008,to_in_008,8
2024,가아538006,to_in_001,13
2024,가아538006,to_in_007,5
2024,가아538006,to_in_008,8
2024,가아538007,to_in_001,23
2024,가아538007,to_in_007,13
2024,가아538007,to_in_008,8
2024,가아538008,to_in_001,5
2024,가아538008,to_in_007,5
2024,가아538008,to_in_008,0
2024,가아539006,to_in_001,8
2024,가아539006,to_in_007,5
2024,가아539006,to_in_008,5
2024,가아539015,to_in_001,5
2024,가아539015,to_in_007,5
2024,가아539015,to_in_008,0
2024,가아539017,to_in_001,0
2024,가아539017,to_in_007,0
2024,가아539017,to_in_008,0
2024,가아540007,to_in_001,5
2024,가아540007,to_in_007,0
2024,가아540007,to_in_008,0
2024,가아540015,to_in_001,8
2024,가아540015,to_in_007,5
2024,가아540015,to_in_008,5
2024,가아543006,to_in_001,8
2024,가아543006,to_in_007,0
2024,가아543006,to_in_008,5
2024,가아545006,to_in_001,8
2024,가아545006,to_in_007,8
2024,가아545006,to_in_008,0
2024,가아545008,to_in_001,23
2024,가아545008,to_in_007,18
2024,가아545008,to_in_008,5
2024,가아546008,to_in_001,5
2024,가아546008,to_in_007,5
2024,가아546008,to_in_008,0
2024,가아547006,to_in_001,8
2024,가아547006,to_in_007,8
2024,가아547006,to_in_008,5
2024,가아547007,to_in_001,5
2024,가아547007,to_in_007,5
2024,가아547007,to_in_008,0
2024,가아547008,to_in_001,28
2024,가아547008,to_in_007,18
2024,가아547008,to_in_008,13
2024,가아548005,to_in_001,5
2024,가아548005,to_in_007,0
2024,가아548005,to_in_008,5
2024,가아548006,to_in_001,5
2024,가아548006,to_in_007,5
2024,가아548006,to_in_008,0
2024,가아548013,to_in_001,5
2024,가아548013,to_in_007,0
2024,가아548013,to_in_008,0
2024,가아549001,to_in_001,5
2024,가아549001,to_in_007,5
2024,가아549001,to_in_008,5
2024,가아549006,to_in_001,8
2024,가아549006,to_in_007,0
2024,가아549006,to_in_008,8
2024,가아549008,to_in_001,23
2024,가아549008,to_in_007,13
2024,가아549008,to_in_008,13
2024,가아550002,to_in_001,0
2024,가아550002,to_in_007,0
2024,가아550002,to_in_008,0
2024,가아550006,to_in_001,8
2024,가아550006,to_in_007,8
2024,가아550006,to_in_008,5
2024,가아550007,to_in_001,5
2024,가아550007,to_in_007,0
2024,가아550007,to_in_008,0
2024,가아550008,to_in_001,8
2024,가아550008,to_in_007,5
2024,가아550008,to_in_008,0
2024,가아550009,to_in_001,5
2024,가아550009,to_in_007,5
2024,가아550009,to_in_008,0
2024,가아551006,to_in_001,33
2024,가아551006,to_in_007,18
2024,가아551006,to_in_008,13
2024,가아552003,to_in_001,8
2024,가아552003,to_in_007,8
2024,가아552003,to_in_008,0
2024,가아552004,to_in_001,8
2024,가아552004,to_in_007,8
2024,가아552004,to_in_008,5
2024,가아552005,to_in_001,13
2024,가아552005,to_in_007,8
2024,가아552005,to_in_008,8
2024,가아552006,to_in_001,29
2024,가아552006,to_in_007,14
2024,가아552006,to_in_008,13
2024,가아552007,to_in_001,13
2024,가아552007,to_in_007,8
2024,가아552007,to_in_008,5
2024,가아552008,to_in_001,5
2024,가아552008,to_in_007,5
2024,가아552008,to_in_008,0
2024,가아553001,to_in_001,0
2024,가아553001,to_in_007,0
2024,가아553001,to_in_008,0
2024,가아553004,to_in_001,13
2024,가아553004,to_in_007,8
2024,가아553004,to_in_008,8
2024,가아553005,to_in_001,43
2024,가아553005,to_in_007,28
2024,가아553005,to_in_008,18
2024,가아553006,to_in_001,38
2024,가아553006,to_in_007,23
2024,가아553006,to_in_008,18
2024,가아553007,to_in_001,23
2024,가아553007,to_in_007,13
2024,가아553007,to_in_008,8
2024,가아553009,to_in_001,8
2024,가아553009,to_in_007,5
2024,가아553009,to_in_008,5
2024,가아554000,to_in_001,18
2024,가아554000,to_in_007,13
2024,가아554000,to_in_008,8
2024,가아554001,to_in_001,23
2024,가아554001,to_in_007,13
2024,가아554001,to_in_008,8
2024,가아554002,to_in_001,18
2024,가아554002,to_in_007,13
2024,가아554002,to_in_008,5
2024,가아554003,to_in_001,18
2024,가아554003,to_in_007,8
2024,가아554003,to_in_008,13
2024,가아554004,to_in_001,38
2024,가아554004,to_in_007,23
2024,가아554004,to_in_008,18
2024,가아554005,to_in_001,40
2024,가아554005,to_in_007,20
2024,가아554005,to_in_008,23
2024,가아554006,to_in_001,48
2024,가아554006,to_in_007,23
2024,가아554006,to_in_008,23
2024,가아554007,to_in_001,38
2024,가아554007,to_in_007,23
2024,가아554007,to_in_008,18
2024,가아554008,to_in_001,38
2024,가아554008,to_in_007,23
2024,가아554008,to_in_008,13
2024,가아554009,to_in_001,13
2024,가아554009,to_in_007,8
2024,가아554009,to_in_008,5
2024,가아554010,to_in_001,8
2024,가아554010,to_in_007,5
2024,가아554010,to_in_008,8
2024,가아555000,to_in_001,13
2024,가아555000,to_in_007,8
2024,가아555000,to_in_008,0
2024,가아555001,to_in_001,38
2024,가아555001,to_in_007,18
2024,가아555001,to_in_008,23
2024,가아555002,to_in_001,5
2024,가아555002,to_in_007,5
2024,가아555002,to_in_008,0
2024,가아555003,to_in_001,13
2024,가아555003,to_in_007,8
2024,가아555003,to_in_008,8
2024,가아555004,to_in_001,38
2024,가아555004,to_in_007,28
2024,가아555004,to_in_008,13
2024,가아555005,to_in_001,81
2024,가아555005,to_in_007,46
2024,가아555005,to_in_008,33
2024,가아555006,to_in_001,53
2024,가아555006,to_in_007,28
2024,가아555006,to_in_008,28
2024,가아555007,to_in_001,48
2024,가아555007,to_in_007,23
2024,가아555007,to_in_008,23
2024,가아555008,to_in_001,28
2024,가아555008,to_in_007,13
2024,가아555008,to_in_008,18
2024,가아555009,to_in_001,18
2024,가아555009,to_in_007,8
2024,가아555009,to_in_008,8
2024,가아555010,to_in_001,13
2024,가아555010,to_in_007,8
2024,가아555010,to_in_008,5
2024,가아556001,to_in_001,23
2024,가아556001,to_in_007,8
2024,가아556001,to_in_008,13
2024,가아556003,to_in_001,8
2024,가아556003,to_in_007,5
2024,가아556003,to_in_008,8
2024,가아556004,to_in_001,28
2024,가아556004,to_in_007,18
2024,가아556004,to_in_008,13
2024,가아556005,to_in_001,64
2024,가아556005,to_in_007,39
2024,가아556005,to_in_008,23
2024,가아556006,to_in_001,48
2024,가아556006,to_in_007,33
2024,가아556006,to_in_008,13
2024,가아556007,to_in_001,35
2024,가아556007,to_in_007,20
2024,가아556007,to_in_008,13
2024,가아556008,to_in_001,23
2024,가아556008,to_in_007,13
2024,가아556008,to_in_008,8
2024,가아556009,to_in_001,78
2024,가아556009,to_in_007,52
2024,가아556009,to_in_008,24
2024,가아556010,to_in_001,88
2024,가아556010,to_in_007,58
2024,가아556010,to_in_008,28
2024,가아557001,to_in_001,8
2024,가아557001,to_in_007,5
2024,가아557001,to_in_008,5
2024,가아557002,to_in_001,8
2024,가아557002,to_in_007,5
2024,가아557002,to_in_008,8
2024,가아557003,to_in_001,5
2024,가아557003,to_in_007,5
2024,가아557003,to_in_008,0
2024,가아557004,to_in_001,13
2024,가아557004,to_in_007,8
2024,가아557004,to_in_008,8
2024,가아557005,to_in_001,18
2024,가아557005,to_in_007,13
2024,가아557005,to_in_008,8
2024,가아557006,to_in_001,18
2024,가아557006,to_in_007,8
2024,가아557006,to_in_008,8
2024,가아557007,to_in_001,43
2024,가아557007,to_in_007,23
2024,가아557007,to_in_008,18
2024,가아557008,to_in_001,23
2024,가아557008,to_in_007,13
2024,가아557008,to_in_008,8
2024,가아557009,to_in_001,43
2024,가아557009,to_in_007,23
2024,가아557009,to_in_008,18
2024,가아558000,to_in_001,23
2024,가아558000,to_in_007,13
2024,가아558000,to_in_008,8
2024,가아558001,to_in_001,8
2024,가아558001,to_in_007,5
2024,가아558001,to_in_008,8
2024,가아558002,to_in_001,5
2024,가아558002,to_in_007,0
2024,가아558002,to_in_008,5
2024,가아558003,to_in_001,34
2024,가아558003,to_in_007,31
2024,가아558003,to_in_008,8
2024,가아558004,to_in_001,41
2024,가아558004,to_in_007,36
2024,가아558004,to_in_008,5
2024,가아558005,to_in_001,8
2024,가아558005,to_in_007,8
2024,가아558005,to_in_008,5
2024,가아558007,to_in_001,8
2024,가아558007,to_in_007,5
2024,가아558007,to_in_008,5
2024,가아558008,to_in_001,13
2024,가아558008,to_in_007,8
2024,가아558008,to_in_008,8
2024,가아559000,to_in_001,5
2024,가아559000,to_in_007,0
2024,가아559000,to_in_008,0
2024,가아559001,to_in_001,8
2024,가아559001,to_in_007,5
2024,가아559001,to_in_008,5
2024,가아559008,to_in_001,8
2024,가아559008,to_in_007,5
2024,가아559008,to_in_008,5
2024,가아559009,to_in_001,8
2024,가아559009,to_in_007,8
2024,가아559009,to_in_008,5
2024,가아560005,to_in_001,0
2024,가아560005,to_in_007,0
2024,가아560005,to_in_008,0
2024,가아562007,to_in_001,13
2024,가아562007,to_in_007,13
2024,가아562007,to_in_008,0
2024,가아562008,to_in_001,8
2024,가아562008,to_in_007,5
2024,가아562008,to_in_008,5
2024,가아562009,to_in_001,5
2024,가아562009,to_in_007,5
2024,가아562009,to_in_008,5
2024,가아563008,to_in_001,5
2024,가아563008,to_in_007,5
2024,가아563008,to_in_008,0
