2024,나다128812,to_in_001,28
2024,나다128812,to_in_007,18
2024,나다128812,to_in_008,13
2024,나다129812,to_in_001,5
2024,나다129812,to_in_007,5
2024,나다129812,to_in_008,5
2024,나다129813,to_in_001,8
2024,나다129813,to_in_007,5
2024,나다129813,to_in_008,5
2024,나다130813,to_in_001,23
2024,나다130813,to_in_007,13
2024,나다130813,to_in_008,13
2024,나다130814,to_in_001,8
2024,나다130814,to_in_007,5
2024,나다130814,to_in_008,5
2024,나다476821,to_in_001,13
2024,나다476821,to_in_007,5
2024,나다476821,to_in_008,8
2024,나다476822,to_in_001,5
2024,나다476822,to_in_007,0
2024,나다476822,to_in_008,0
2024,나다477821,to_in_001,8
2024,나다477821,to_in_007,8
2024,나다477821,to_in_008,5
2024,나다477822,to_in_001,5
2024,나다477822,to_in_007,5
2024,나다477822,to_in_008,5
2024,나다483814,to_in_001,5
2024,나다483814,to_in_007,5
2024,나다483814,to_in_008,0
2024,나다483815,to_in_001,13
2024,나다483815,to_in_007,8
2024,나다483815,to_in_008,8
2024,나다484814,to_in_001,8
2024,나다484814,to_in_007,8
2024,나다484814,to_in_008,5
2024,나다484815,to_in_001,13
2024,나다484815,to_in_007,8
2024,나다484815,to_in_008,5
2024,나다488793,to_in_001,8
2024,나다488793,to_in_007,5
2024,나다488793,to_in_008,5
2024,나다533854,to_in_001,5
2024,나다533854,to_in_007,0
2024,나다533854,to_in_008,0
2024,나다534853,to_in_001,13
2024,나다534853,to_in_007,8
2024,나다534853,to_in_008,8
2024,나다534854,to_in_001,5
2024,나다534854,to_in_007,0
2024,나다534854,to_in_008,5
2024,나다535853,to_in_001,5
2024,나다535853,to_in_007,0
2024,나다535853,to_in_008,5
2024,나다535854,to_in_001,8
2024,나다535854,to_in_007,5
2024,나다535854,to_in_008,5
2024,나다536859,to_in_001,5
2024,나다536859,to_in_007,5
2024,나다536859,to_in_008,5
2024,나다537858,to_in_001,8
2024,나다537858,to_in_007,5
2024,나다537858,to_in_008,5
2024,나다537859,to_in_001,8
2024,나다537859,to_in_007,5
2024,나다537859,to_in_008,5
2024,나다538858,to_in_001,5
2024,나다538858,to_in_007,5
2024,나다538858,to_in_008,0
2024,나다538859,to_in_001,5
2024,나다538859,to_in_007,0
2024,나다538859,to_in_008,5
2024,나다540856,to_in_001,18
2024,나다540856,to_in_007,8
2024,나다540856,to_in_008,8
2024,나다541855,to_in_001,5
2024,나다541855,to_in_007,0
2024,나다541855,to_in_008,0
2024,나다541856,to_in_001,5
2024,나다541856,to_in_007,5
2024,나다541856,to_in_008,0
2024,나다541857,to_in_001,13
2024,나다541857,to_in_007,8
2024,나다541857,to_in_008,5
2024,나다542857,to_in_001,13
2024,나다542857,to_in_007,8
2024,나다542857,to_in_008,8
2024,나다543855,to_in_001,5
2024,나다543855,to_in_007,0
2024,나다543855,to_in_008,0
2024,나다549851,to_in_001,0
2024,나다549851,to_in_007,0
2024,나다549851,to_in_008,0
2024,나다550854,to_in_001,5
2024,나다550854,to_in_007,5
2024,나다550854,to_in_008,0
2024,나다550855,to_in_001,5
2024,나다550855,to_in_007,5
2024,나다550855,to_in_008,0
2024,나다555838,to_in_001,0
2024,나다555838,to_in_007,0
2024,나다555838,to_in_008,0
2024,나다556838,to_in_001,8
2024,나다556838,to_in_007,0
2024,나다556838,to_in_008,8
2024,나다556839,to_in_001,33
2024,나다556839,to_in_007,13
2024,나다556839,to_in_008,18
2024,나다556840,to_in_001,0
2024,나다556840,to_in_007,0
2024,나다556840,to_in_008,0
2024,나다637931,to_in_001,18
2024,나다637931,to_in_007,8
2024,나다637931,to_in_008,13
2024,나다637937,to_in_001,8
2024,나다637937,to_in_007,5
2024,나다637937,to_in_008,8
2024,나다637939,to_in_001,5
2024,나다637939,to_in_007,0
2024,나다637939,to_in_008,5
2024,나다637941,to_in_001,5
2024,나다637941,to_in_007,5
2024,나다637941,to_in_008,0
2024,나다638940,to_in_001,5
2024,나다638940,to_in_007,5
2024,나다638940,to_in_008,5
2024,나다638941,to_in_001,5
2024,나다638941,to_in_007,5
2024,나다638941,to_in_008,5
2024,나다638942,to_in_001,0
2024,나다638942,to_in_007,0
2024,나다638942,to_in_008,0
2024,나다638945,to_in_001,5
2024,나다638945,to_in_007,5
2024,나다638945,to_in_008,0
2024,나다639941,to_in_001,8
2024,나다639941,to_in_007,8
2024,나다639941,to_in_008,5
2024,나다639945,to_in_001,8
2024,나다639945,to_in_007,5
2024,나다639945,to_in_008,8
2024,나다639946,to_in_001,5
2024,나다639946,to_in_007,0
2024,나다639946,to_in_008,0
2024,나다640959,to_in_001,8
2024,나다640959,to_in_007,5
2024,나다640959,to_in_008,5
2024,나다640960,to_in_001,53
2024,나다640960,to_in_007,38
2024,나다640960,to_in_008,18
2024,나다640961,to_in_001,13
2024,나다640961,to_in_007,13
2024,나다640961,to_in_008,5
2024,나다641960,to_in_001,0
2024,나다641960,to_in_007,0
2024,나다641960,to_in_008,0
2024,나다641961,to_in_001,8
2024,나다641961,to_in_007,5
2024,나다641961,to_in_008,5
2024,나다642940,to_in_001,5
2024,나다642940,to_in_007,5
2024,나다642940,to_in_008,0
2024,나다643904,to_in_001,0
2024,나다643904,to_in_007,0
2024,나다643904,to_in_008,0
2024,나다643917,to_in_001,0
2024,나다643917,to_in_007,0
2024,나다643917,to_in_008,0
2024,나다643918,to_in_001,8
2024,나다643918,to_in_007,5
2024,나다643918,to_in_008,5
2024,나다643949,to_in_001,5
2024,나다643949,to_in_007,0
2024,나다643949,to_in_008,5
2024,나다644902,to_in_001,5
2024,나다644902,to_in_007,5
2024,나다644902,to_in_008,0
2024,나다644903,to_in_001,8
2024,나다644903,to_in_007,5
2024,나다644903,to_in_008,5
2024,나다644904,to_in_001,5
2024,나다644904,to_in_007,0
2024,나다644904,to_in_008,5
2024,나다644906,to_in_001,5
2024,나다644906,to_in_007,0
2024,나다644906,to_in_008,5
2024,나다644949,to_in_001,5
2024,나다644949,to_in_007,0
2024,나다644949,to_in_008,5
2024,나다645901,to_in_001,5
2024,나다645901,to_in_007,0
2024,나다645901,to_in_008,5
2024,나다645902,to_in_001,5
2024,나다645902,to_in_007,0
2024,나다645902,to_in_008,5
2024,나다645903,to_in_001,5
2024,나다645903,to_in_007,5
2024,나다645903,to_in_008,0
2024,나다645904,to_in_001,8
2024,나다645904,to_in_007,8
2024,나다645904,to_in_008,8
2024,나다646895,to_in_001,5
2024,나다646895,to_in_007,0
2024,나다646895,to_in_008,0
2024,나다647894,to_in_001,8
2024,나다647894,to_in_007,8
2024,나다647894,to_in_008,0
2024,나다647916,to_in_001,0
2024,나다647916,to_in_007,0
2024,나다647916,to_in_008,0
2024,나다649917,to_in_001,5
2024,나다649917,to_in_007,0
2024,나다649917,to_in_008,5
2024,나다651918,to_in_001,8
2024,나다651918,to_in_007,5
2024,나다651918,to_in_008,8
2024,나다652904,to_in_001,13
2024,나다652904,to_in_007,8
2024,나다652904,to_in_008,5
2024,나다652905,to_in_001,13
2024,나다652905,to_in_007,8
2024,나다652905,to_in_008,8
2024,나다652918,to_in_001,5
2024,나다652918,to_in_007,5
2024,나다652918,to_in_008,5
2024,나다653891,to_in_001,8
2024,나다653891,to_in_007,8
2024,나다653891,to_in_008,0
2024,나다653892,to_in_001,8
2024,나다653892,to_in_007,5
2024,나다653892,to_in_008,5
2024,나다653903,to_in_001,13
2024,나다653903,to_in_007,8
2024,나다653903,to_in_008,5
2024,나다653904,to_in_001,13
2024,나다653904,to_in_007,8
2024,나다653904,to_in_008,8
2024,나다653905,to_in_001,13
2024,나다653905,to_in_007,5
2024,나다653905,to_in_008,8
2024,나다657940,to_in_001,28
2024,나다657940,to_in_007,13
2024,나다657940,to_in_008,13
2024,나다657941,to_in_001,13
2024,나다657941,to_in_007,5
2024,나다657941,to_in_008,8
2024,나다658904,to_in_001,5
2024,나다658904,to_in_007,5
2024,나다658904,to_in_008,0
2024,나다658906,to_in_001,5
2024,나다658906,to_in_007,5
2024,나다658906,to_in_008,0
2024,나다658917,to_in_001,5
2024,나다658917,to_in_007,5
2024,나다658917,to_in_008,5
2024,나다658918,to_in_001,8
2024,나다658918,to_in_007,5
2024,나다658918,to_in_008,5
2024,나다658919,to_in_001,0
2024,나다658919,to_in_007,0
2024,나다658919,to_in_008,0
2024,나다658920,to_in_001,13
2024,나다658920,to_in_007,8
2024,나다658920,to_in_008,5
2024,나다659917,to_in_001,8
2024,나다659917,to_in_007,5
2024,나다659917,to_in_008,5
2024,나다659918,to_in_001,13
2024,나다659918,to_in_007,8
2024,나다659918,to_in_008,5
2024,나다660912,to_in_001,5
2024,나다660912,to_in_007,0
2024,나다660912,to_in_008,0
2024,나다660914,to_in_001,5
2024,나다660914,to_in_007,0
2024,나다660914,to_in_008,0
2024,나다660916,to_in_001,5
2024,나다660916,to_in_007,0
2024,나다660916,to_in_008,0
2024,나다660918,to_in_001,5
2024,나다660918,to_in_007,0
2024,나다660918,to_in_008,0
2024,나다661837,to_in_001,5
2024,나다661837,to_in_007,0
2024,나다661837,to_in_008,5
2024,나다661900,to_in_001,0
2024,나다661900,to_in_007,0
2024,나다661900,to_in_008,0
2024,나다661902,to_in_001,5
2024,나다661902,to_in_007,5
2024,나다661902,to_in_008,5
2024,나다661903,to_in_001,18
2024,나다661903,to_in_007,13
2024,나다661903,to_in_008,5
2024,나다661912,to_in_001,8
2024,나다661912,to_in_007,8
2024,나다661912,to_in_008,5
2024,나다661913,to_in_001,5
2024,나다661913,to_in_007,5
2024,나다661913,to_in_008,0
2024,나다661914,to_in_001,0
2024,나다661914,to_in_007,0
2024,나다661914,to_in_008,0
2024,나다662899,to_in_001,5
2024,나다662899,to_in_007,0
2024,나다662899,to_in_008,0
2024,나다662900,to_in_001,13
2024,나다662900,to_in_007,13
2024,나다662900,to_in_008,5
2024,나다662901,to_in_001,5
2024,나다662901,to_in_007,0
2024,나다662901,to_in_008,5
2024,나다662902,to_in_001,5
2024,나다662902,to_in_007,5
2024,나다662902,to_in_008,5
2024,나다662903,to_in_001,13
2024,나다662903,to_in_007,8
2024,나다662903,to_in_008,8
2024,나다662904,to_in_001,5
2024,나다662904,to_in_007,5
2024,나다662904,to_in_008,0
2024,나다662905,to_in_001,8
2024,나다662905,to_in_007,5
2024,나다662905,to_in_008,5
2024,나다662912,to_in_001,5
2024,나다662912,to_in_007,5
2024,나다662912,to_in_008,5
2024,나다662913,to_in_001,5
2024,나다662913,to_in_007,5
2024,나다662913,to_in_008,5
2024,나다663899,to_in_001,8
2024,나다663899,to_in_007,5
2024,나다663899,to_in_008,5
2024,나다663900,to_in_001,5
2024,나다663900,to_in_007,5
2024,나다663900,to_in_008,5
2024,나다663901,to_in_001,5
2024,나다663901,to_in_007,0
2024,나다663901,to_in_008,0
2024,나다663902,to_in_001,23
2024,나다663902,to_in_007,13
2024,나다663902,to_in_008,8
2024,나다663903,to_in_001,38
2024,나다663903,to_in_007,18
2024,나다663903,to_in_008,23
2024,나다663904,to_in_001,5
2024,나다663904,to_in_007,5
2024,나다663904,to_in_008,5
2024,나다663912,to_in_001,5
2024,나다663912,to_in_007,5
2024,나다663912,to_in_008,5
2024,나다663913,to_in_001,5
2024,나다663913,to_in_007,0
2024,나다663913,to_in_008,0
2024,나다664836,to_in_001,8
2024,나다664836,to_in_007,5
2024,나다664836,to_in_008,5
2024,나다664837,to_in_001,8
2024,나다664837,to_in_007,8
2024,나다664837,to_in_008,0
2024,나다664838,to_in_001,8
2024,나다664838,to_in_007,5
2024,나다664838,to_in_008,5
2024,나다664900,to_in_001,38
2024,나다664900,to_in_007,13
2024,나다664900,to_in_008,23
2024,나다664901,to_in_001,5
2024,나다664901,to_in_007,5
2024,나다664901,to_in_008,0
2024,나다668836,to_in_001,5
2024,나다668836,to_in_007,5
2024,나다668836,to_in_008,0
2024,나다668837,to_in_001,5
2024,나다668837,to_in_007,5
2024,나다668837,to_in_008,0
2024,나다668892,to_in_001,13
2024,나다668892,to_in_007,8
2024,나다668892,to_in_008,8
2024,나다668893,to_in_001,23
2024,나다668893,to_in_007,13
2024,나다668893,to_in_008,13
2024,나다668894,to_in_001,8
2024,나다668894,to_in_007,8
2024,나다668894,to_in_008,5
2024,나다668909,to_in_001,0
2024,나다668909,to_in_007,0
2024,나다668909,to_in_008,0
2024,나다668910,to_in_001,5
2024,나다668910,to_in_007,0
2024,나다668910,to_in_008,5
2024,나다669837,to_in_001,5
2024,나다669837,to_in_007,5
2024,나다669837,to_in_008,0
2024,나다669892,to_in_001,5
2024,나다669892,to_in_007,0
2024,나다669892,to_in_008,0
2024,나다669893,to_in_001,8
2024,나다669893,to_in_007,5
2024,나다669893,to_in_008,5
2024,나다670843,to_in_001,13
2024,나다670843,to_in_007,8
2024,나다670843,to_in_008,5
2024,나다670844,to_in_001,5
2024,나다670844,to_in_007,5
2024,나다670844,to_in_008,0
2024,나다671842,to_in_001,8
2024,나다671842,to_in_007,5
2024,나다671842,to_in_008,5
2024,나다671843,to_in_001,0
2024,나다671843,to_in_007,0
2024,나다671843,to_in_008,0
2024,나다671908,to_in_001,0
2024,나다671908,to_in_007,0
2024,나다671908,to_in_008,0
2024,나다671909,to_in_001,5
2024,나다671909,to_in_007,5
2024,나다671909,to_in_008,0
2024,나다671910,to_in_001,5
2024,나다671910,to_in_007,0
2024,나다671910,to_in_008,0
2024,나다672908,to_in_001,0
2024,나다672908,to_in_007,0
2024,나다672908,to_in_008,0
2024,나다674909,to_in_001,5
2024,나다674909,to_in_007,0
2024,나다674909,to_in_008,0
2024,나다675909,to_in_001,5
2024,나다675909,to_in_007,5
2024,나다675909,to_in_008,0
2024,나다678887,to_in_001,8
2024,나다678887,to_in_007,5
2024,나다678887,to_in_008,5
2024,나다678894,to_in_001,5
2024,나다678894,to_in_007,5
2024,나다678894,to_in_008,0
2024,나다678895,to_in_001,0
2024,나다678895,to_in_007,0
2024,나다678895,to_in_008,0
2024,나다678896,to_in_001,5
2024,나다678896,to_in_007,0
2024,나다678896,to_in_008,0
2024,나다678899,to_in_001,5
2024,나다678899,to_in_007,0
2024,나다678899,to_in_008,5
2024,나다679896,to_in_001,8
2024,나다679896,to_in_007,5
2024,나다679896,to_in_008,5
2024,나다679897,to_in_001,5
2024,나다679897,to_in_007,0
2024,나다679897,to_in_008,0
2024,나다679898,to_in_001,8
2024,나다679898,to_in_007,5
2024,나다679898,to_in_008,8
2024,나다679899,to_in_001,0
2024,나다679899,to_in_007,0
2024,나다679899,to_in_008,0
2024,나다680895,to_in_001,5
2024,나다680895,to_in_007,5
2024,나다680895,to_in_008,5
2024,나다680898,to_in_001,5
2024,나다680898,to_in_007,5
2024,나다680898,to_in_008,0
2024,나다680899,to_in_001,8
2024,나다680899,to_in_007,5
2024,나다680899,to_in_008,5
2024,나다681893,to_in_001,0
2024,나다681893,to_in_007,0
2024,나다681893,to_in_008,0
2024,나다681896,to_in_001,0
2024,나다681896,to_in_007,0
2024,나다681896,to_in_008,0
2024,나다681898,to_in_001,8
2024,나다681898,to_in_007,5
2024,나다681898,to_in_008,5
2024,나다681899,to_in_001,5
2024,나다681899,to_in_007,5
2024,나다681899,to_in_008,0
2024,나다682892,to_in_001,8
2024,나다682892,to_in_007,5
2024,나다682892,to_in_008,5
2024,나다682898,to_in_001,5
2024,나다682898,to_in_007,5
2024,나다682898,to_in_008,5
2024,나다682899,to_in_001,13
2024,나다682899,to_in_007,8
2024,나다682899,to_in_008,8
2024,나다682900,to_in_001,8
2024,나다682900,to_in_007,5
2024,나다682900,to_in_008,8
2024,나다752987,to_in_001,5
2024,나다752987,to_in_007,5
2024,나다752987,to_in_008,0
2024,나다752988,to_in_001,5
2024,나다752988,to_in_007,0
2024,나다752988,to_in_008,0
2024,나다752989,to_in_001,13
2024,나다752989,to_in_007,8
2024,나다752989,to_in_008,8
2024,나다752990,to_in_001,5
2024,나다752990,to_in_007,5
2024,나다752990,to_in_008,5
2024,나다753988,to_in_001,13
2024,나다753988,to_in_007,5
2024,나다753988,to_in_008,8
2024,나다753989,to_in_001,18
2024,나다753989,to_in_007,13
2024,나다753989,to_in_008,8
2024,나다753990,to_in_001,0
2024,나다753990,to_in_007,0
2024,나다753990,to_in_008,0
2024,나다753998,to_in_001,0
2024,나다753998,to_in_007,0
2024,나다753998,to_in_008,0
2024,나다754989,to_in_001,5
2024,나다754989,to_in_007,0
2024,나다754989,to_in_008,5
2024,나다754990,to_in_001,8
2024,나다754990,to_in_007,5
2024,나다754990,to_in_008,8
2024,나다754998,to_in_001,5
2024,나다754998,to_in_007,5
2024,나다754998,to_in_008,5
2024,나다755990,to_in_001,5
2024,나다755990,to_in_007,5
2024,나다755990,to_in_008,0
2024,나다756998,to_in_001,5
2024,나다756998,to_in_007,5
2024,나다756998,to_in_008,0
2024,나다759860,to_in_001,0
2024,나다759860,to_in_007,0
2024,나다759860,to_in_008,0
2024,나다759993,to_in_001,0
2024,나다759993,to_in_007,0
2024,나다759993,to_in_008,0
2024,나다760859,to_in_001,13
2024,나다760859,to_in_007,8
2024,나다760859,to_in_008,8
2024,나다764977,to_in_001,5
2024,나다764977,to_in_007,0
2024,나다764977,to_in_008,0
2024,나다766991,to_in_001,5
2024,나다766991,to_in_007,5
2024,나다766991,to_in_008,0
2024,나다766999,to_in_001,5
2024,나다766999,to_in_007,5
2024,나다766999,to_in_008,5
2024,나다767977,to_in_001,8
2024,나다767977,to_in_007,5
2024,나다767977,to_in_008,5
2024,나다768819,to_in_001,8
2024,나다768819,to_in_007,5
2024,나다768819,to_in_008,5
2024,나다768978,to_in_001,5
2024,나다768978,to_in_007,0
2024,나다768978,to_in_008,0
2024,나다768979,to_in_001,5
2024,나다768979,to_in_007,5
2024,나다768979,to_in_008,0
2024,나다769819,to_in_001,0
2024,나다769819,to_in_007,0
2024,나다769819,to_in_008,0
2024,나다769973,to_in_001,5
2024,나다769973,to_in_007,0
2024,나다769973,to_in_008,0
2024,나다769976,to_in_001,5
2024,나다769976,to_in_007,0
2024,나다769976,to_in_008,5
2024,나다769977,to_in_001,5
2024,나다769977,to_in_007,0
2024,나다769977,to_in_008,5
2024,나다769978,to_in_001,8
2024,나다769978,to_in_007,5
2024,나다769978,to_in_008,5
2024,나다769995,to_in_001,8
2024,나다769995,to_in_007,8
2024,나다769995,to_in_008,5
2024,나다769996,to_in_001,5
2024,나다769996,to_in_007,5
2024,나다769996,to_in_008,5
2024,나다770976,to_in_001,18
2024,나다770976,to_in_007,13
2024,나다770976,to_in_008,5
2024,나다770978,to_in_001,8
2024,나다770978,to_in_007,5
2024,나다770978,to_in_008,5
2024,나다770979,to_in_001,5
2024,나다770979,to_in_007,5
2024,나다770979,to_in_008,5
2024,나다770995,to_in_001,13
2024,나다770995,to_in_007,5
2024,나다770995,to_in_008,8
2024,나다771975,to_in_001,8
2024,나다771975,to_in_007,8
2024,나다771975,to_in_008,0
2024,나다771976,to_in_001,13
2024,나다771976,to_in_007,8
2024,나다771976,to_in_008,5
2024,나다771977,to_in_001,8
2024,나다771977,to_in_007,8
2024,나다771977,to_in_008,5
2024,나다771978,to_in_001,28
2024,나다771978,to_in_007,18
2024,나다771978,to_in_008,13
2024,나다771979,to_in_001,0
2024,나다771979,to_in_007,0
2024,나다771979,to_in_008,0
2024,나다771994,to_in_001,5
2024,나다771994,to_in_007,0
2024,나다771994,to_in_008,0
2024,나다771995,to_in_001,18
2024,나다771995,to_in_007,8
2024,나다771995,to_in_008,8
2024,나다772976,to_in_001,5
2024,나다772976,to_in_007,5
2024,나다772976,to_in_008,0
2024,나다772977,to_in_001,5
2024,나다772977,to_in_007,5
2024,나다772977,to_in_008,0
2024,나다772993,to_in_001,0
2024,나다772993,to_in_007,0
2024,나다772993,to_in_008,0
2024,나다772994,to_in_001,5
2024,나다772994,to_in_007,5
2024,나다772994,to_in_008,5
2024,나다772995,to_in_001,8
2024,나다772995,to_in_007,8
2024,나다772995,to_in_008,8
2024,나다810983,to_in_001,8
2024,나다810983,to_in_007,5
2024,나다810983,to_in_008,8
2024,나다810993,to_in_001,5
2024,나다810993,to_in_007,0
2024,나다810993,to_in_008,5
2024,나다811983,to_in_001,0
2024,나다811983,to_in_007,0
2024,나다811983,to_in_008,0
2024,나다812983,to_in_001,5
2024,나다812983,to_in_007,5
2024,나다812983,to_in_008,0
2024,나다812993,to_in_001,5
2024,나다812993,to_in_007,5
2024,나다812993,to_in_008,0
2024,나다813982,to_in_001,5
2024,나다813982,to_in_007,0
2024,나다813982,to_in_008,5
2024,나다813993,to_in_001,8
2024,나다813993,to_in_007,5
2024,나다813993,to_in_008,8
2024,나다813994,to_in_001,8
2024,나다813994,to_in_007,5
2024,나다813994,to_in_008,8
2024,나다814975,to_in_001,0
2024,나다814975,to_in_007,0
2024,나다814975,to_in_008,0
2024,나다814992,to_in_001,0
2024,나다814992,to_in_007,0
2024,나다814992,to_in_008,0
2024,나다814993,to_in_001,18
2024,나다814993,to_in_007,13
2024,나다814993,to_in_008,8
2024,나다814994,to_in_001,8
2024,나다814994,to_in_007,5
2024,나다814994,to_in_008,5
2024,나다815993,to_in_001,8
2024,나다815993,to_in_007,5
2024,나다815993,to_in_008,5
2024,나다816994,to_in_001,5
2024,나다816994,to_in_007,0
2024,나다816994,to_in_008,0
2024,나다817957,to_in_001,8
2024,나다817957,to_in_007,8
2024,나다817957,to_in_008,0
2024,나다817993,to_in_001,13
2024,나다817993,to_in_007,8
2024,나다817993,to_in_008,8
2024,나다817994,to_in_001,18
2024,나다817994,to_in_007,13
2024,나다817994,to_in_008,8
2024,나다817995,to_in_001,5
2024,나다817995,to_in_007,0
2024,나다817995,to_in_008,5
2024,나다817996,to_in_001,5
2024,나다817996,to_in_007,5
2024,나다817996,to_in_008,0
2024,나다818993,to_in_001,18
2024,나다818993,to_in_007,8
2024,나다818993,to_in_008,13
2024,나다818994,to_in_001,8
2024,나다818994,to_in_007,5
2024,나다818994,to_in_008,8
2024,나다820994,to_in_001,5
2024,나다820994,to_in_007,0
2024,나다820994,to_in_008,5
2024,나다821995,to_in_001,0
2024,나다821995,to_in_007,0
2024,나다821995,to_in_008,0
2024,나다826993,to_in_001,0
2024,나다826993,to_in_007,0
2024,나다826993,to_in_008,0
2024,나다826994,to_in_001,8
2024,나다826994,to_in_007,5
2024,나다826994,to_in_008,5
2024,나다829993,to_in_001,5
2024,나다829993,to_in_007,0
2024,나다829993,to_in_008,0
2024,나다830985,to_in_001,8
2024,나다830985,to_in_007,5
2024,나다830985,to_in_008,5
2024,나다830986,to_in_001,5
2024,나다830986,to_in_007,5
2024,나다830986,to_in_008,5
2024,나다830987,to_in_001,5
2024,나다830987,to_in_007,5
2024,나다830987,to_in_008,0
2024,나다830988,to_in_001,8
2024,나다830988,to_in_007,5
2024,나다830988,to_in_008,5
2024,나다830989,to_in_001,5
2024,나다830989,to_in_007,5
2024,나다830989,to_in_008,0
2024,나다830990,to_in_001,0
2024,나다830990,to_in_007,0
2024,나다830990,to_in_008,0
2024,나다830991,to_in_001,8
2024,나다830991,to_in_007,5
2024,나다830991,to_in_008,8
2024,나다830993,to_in_001,0
2024,나다830993,to_in_007,0
2024,나다830993,to_in_008,0
2024,나다831982,to_in_001,5
2024,나다831982,to_in_007,5
2024,나다831982,to_in_008,5
2024,나다831986,to_in_001,8
2024,나다831986,to_in_007,5
2024,나다831986,to_in_008,5
2024,나다831987,to_in_001,5
2024,나다831987,to_in_007,0
2024,나다831987,to_in_008,0
2024,나다831989,to_in_001,8
2024,나다831989,to_in_007,5
2024,나다831989,to_in_008,5
2024,나다831990,to_in_001,8
2024,나다831990,to_in_007,5
2024,나다831990,to_in_008,5
2024,나다831992,to_in_001,5
2024,나다831992,to_in_007,0
2024,나다831992,to_in_008,0
2024,나다832991,to_in_001,5
2024,나다832991,to_in_007,0
2024,나다832991,to_in_008,0
2024,나다832993,to_in_001,5
2024,나다832993,to_in_007,5
2024,나다832993,to_in_008,0
2024,나다833986,to_in_001,5
2024,나다833986,to_in_007,5
2024,나다833986,to_in_008,5
2024,나다833989,to_in_001,0
2024,나다833989,to_in_007,0
2024,나다833989,to_in_008,0
2024,나다833990,to_in_001,8
2024,나다833990,to_in_007,5
2024,나다833990,to_in_008,5
2024,나다834986,to_in_001,5
2024,나다834986,to_in_007,5
2024,나다834986,to_in_008,5
2024,나다834990,to_in_001,5
2024,나다834990,to_in_007,5
2024,나다834990,to_in_008,5
2024,나다834991,to_in_001,13
2024,나다834991,to_in_007,8
2024,나다834991,to_in_008,8
2024,나다835980,to_in_001,0
2024,나다835980,to_in_007,0
2024,나다835980,to_in_008,0
2024,나다835990,to_in_001,5
2024,나다835990,to_in_007,5
2024,나다835990,to_in_008,5
2024,나다887523,to_in_001,5
2024,나다887523,to_in_007,5
2024,나다887523,to_in_008,0
2024,나다887524,to_in_001,59
2024,나다887524,to_in_007,39
2024,나다887524,to_in_008,23
2024,나다887525,to_in_001,43
2024,나다887525,to_in_007,28
2024,나다887525,to_in_008,18
2024,나다887526,to_in_001,8
2024,나다887526,to_in_007,8
2024,나다887526,to_in_008,5
2024,나다887528,to_in_001,23
2024,나다887528,to_in_007,18
2024,나다887528,to_in_008,8
2024,나다887529,to_in_001,49
2024,나다887529,to_in_007,29
2024,나다887529,to_in_008,18
2024,나다887530,to_in_001,32
2024,나다887530,to_in_007,27
2024,나다887530,to_in_008,5
2024,나다887998,to_in_001,5
2024,나다887998,to_in_007,0
2024,나다887998,to_in_008,5
2024,나다887999,to_in_001,13
2024,나다887999,to_in_007,8
2024,나다887999,to_in_008,5
2024,나다888523,to_in_001,8
2024,나다888523,to_in_007,8
2024,나다888523,to_in_008,5
2024,나다888524,to_in_001,57
2024,나다888524,to_in_007,31
2024,나다888524,to_in_008,24
2024,나다888525,to_in_001,8
2024,나다888525,to_in_007,8
2024,나다888525,to_in_008,8
2024,나다888529,to_in_001,43
2024,나다888529,to_in_007,28
2024,나다888529,to_in_008,13
2024,나다888530,to_in_001,38
2024,나다888530,to_in_007,28
2024,나다888530,to_in_008,13
2024,나다888997,to_in_001,5
2024,나다888997,to_in_007,5
2024,나다888997,to_in_008,0
2024,나다888998,to_in_001,5
2024,나다888998,to_in_007,5
2024,나다888998,to_in_008,0
2024,나다888999,to_in_001,18
2024,나다888999,to_in_007,13
2024,나다888999,to_in_008,5
2024,나다889523,to_in_001,8
2024,나다889523,to_in_007,5
2024,나다889523,to_in_008,0
2024,나다889524,to_in_001,13
2024,나다889524,to_in_007,8
2024,나다889524,to_in_008,5
2024,나다889525,to_in_001,18
2024,나다889525,to_in_007,13
2024,나다889525,to_in_008,8
2024,나다889528,to_in_001,34
2024,나다889528,to_in_007,19
2024,나다889528,to_in_008,13
2024,나다889529,to_in_001,55
2024,나다889529,to_in_007,35
2024,나다889529,to_in_008,18
2024,나다890528,to_in_001,65
2024,나다890528,to_in_007,45
2024,나다890528,to_in_008,18
2024,나다891522,to_in_001,8
2024,나다891522,to_in_007,8
2024,나다891522,to_in_008,0
2024,나다892523,to_in_001,0
2024,나다892523,to_in_007,0
2024,나다892523,to_in_008,0
2024,나다892996,to_in_001,5
2024,나다892996,to_in_007,5
2024,나다892996,to_in_008,0
2024,나다892997,to_in_001,20
2024,나다892997,to_in_007,15
2024,나다892997,to_in_008,5
2024,나다893984,to_in_001,13
2024,나다893984,to_in_007,8
2024,나다893984,to_in_008,0
2024,나다893995,to_in_001,0
2024,나다893995,to_in_007,0
2024,나다893995,to_in_008,0
2024,나다893996,to_in_001,23
2024,나다893996,to_in_007,18
2024,나다893996,to_in_008,8
2024,나다893997,to_in_001,23
2024,나다893997,to_in_007,18
2024,나다893997,to_in_008,8
2024,나다893998,to_in_001,18
2024,나다893998,to_in_007,8
2024,나다893998,to_in_008,8
2024,나다894934,to_in_001,13
2024,나다894934,to_in_007,13
2024,나다894934,to_in_008,5
2024,나다894993,to_in_001,19
2024,나다894993,to_in_007,14
2024,나다894993,to_in_008,8
2024,나다894994,to_in_001,0
2024,나다894994,to_in_007,0
2024,나다894994,to_in_008,0
2024,나다895515,to_in_001,5
2024,나다895515,to_in_007,0
2024,나다895515,to_in_008,0
2024,나다895934,to_in_001,27
2024,나다895934,to_in_007,27
2024,나다895934,to_in_008,5
2024,나다895993,to_in_001,23
2024,나다895993,to_in_007,13
2024,나다895993,to_in_008,8
2024,나다896926,to_in_001,20
2024,나다896926,to_in_007,20
2024,나다896926,to_in_008,5
2024,나다896927,to_in_001,8
2024,나다896927,to_in_007,8
2024,나다896927,to_in_008,5
2024,나다896992,to_in_001,5
2024,나다896992,to_in_007,0
2024,나다896992,to_in_008,0
2024,나다896993,to_in_001,5
2024,나다896993,to_in_007,5
2024,나다896993,to_in_008,0
2024,나다899989,to_in_001,5
2024,나다899989,to_in_007,0
2024,나다899989,to_in_008,0
2024,나다899990,to_in_001,5
2024,나다899990,to_in_007,5
2024,나다899990,to_in_008,5
2024,나다899993,to_in_001,5
2024,나다899993,to_in_007,5
2024,나다899993,to_in_008,0
2024,나다900989,to_in_001,5
2024,나다900989,to_in_007,5
2024,나다900989,to_in_008,0
2024,나다900990,to_in_001,28
2024,나다900990,to_in_007,18
2024,나다900990,to_in_008,8
2024,나다900991,to_in_001,8
2024,나다900991,to_in_007,5
2024,나다900991,to_in_008,5
2024,나다915508,to_in_001,18
2024,나다915508,to_in_007,13
2024,나다915508,to_in_008,8
2024,나다915509,to_in_001,13
2024,나다915509,to_in_007,5
2024,나다915509,to_in_008,8
2024,나다916508,to_in_001,5
2024,나다916508,to_in_007,5
2024,나다916508,to_in_008,0
2024,나다916509,to_in_001,18
2024,나다916509,to_in_007,8
2024,나다916509,to_in_008,8
2024,나다917509,to_in_001,38
2024,나다917509,to_in_007,23
2024,나다917509,to_in_008,18
2024,나다917510,to_in_001,5
2024,나다917510,to_in_007,5
2024,나다917510,to_in_008,0
2024,나다917513,to_in_001,5
2024,나다917513,to_in_007,0
2024,나다917513,to_in_008,5
2024,나다918508,to_in_001,5
2024,나다918508,to_in_007,0
2024,나다918508,to_in_008,5
2024,나다918509,to_in_001,18
2024,나다918509,to_in_007,8
2024,나다918509,to_in_008,13
2024,나다918513,to_in_001,5
2024,나다918513,to_in_007,5
2024,나다918513,to_in_008,5
2024,나다919508,to_in_001,5
2024,나다919508,to_in_007,0
2024,나다919508,to_in_008,5
2024,나다919509,to_in_001,13
2024,나다919509,to_in_007,8
2024,나다919509,to_in_008,5
2024,나다919510,to_in_001,8
2024,나다919510,to_in_007,8
2024,나다919510,to_in_008,5
2024,나다919513,to_in_001,5
2024,나다919513,to_in_007,5
2024,나다919513,to_in_008,0
2024,나다920508,to_in_001,0
2024,나다920508,to_in_007,0
2024,나다920508,to_in_008,0
2024,나다920509,to_in_001,13
2024,나다920509,to_in_007,8
2024,나다920509,to_in_008,8
2024,나다920510,to_in_001,18
2024,나다920510,to_in_007,13
2024,나다920510,to_in_008,8
2024,나다920511,to_in_001,8
2024,나다920511,to_in_007,5
2024,나다920511,to_in_008,5
2024,나다920512,to_in_001,5
2024,나다920512,to_in_007,5
2024,나다920512,to_in_008,0
2024,나다920516,to_in_001,0
2024,나다920516,to_in_007,0
2024,나다920516,to_in_008,0
2024,나다920518,to_in_001,8
2024,나다920518,to_in_007,5
2024,나다920518,to_in_008,5
2024,나다921510,to_in_001,5
2024,나다921510,to_in_007,5
2024,나다921510,to_in_008,0
2024,나다921517,to_in_001,0
2024,나다921517,to_in_007,0
2024,나다921517,to_in_008,0
2024,나다921518,to_in_001,28
2024,나다921518,to_in_007,18
2024,나다921518,to_in_008,13
2024,나다921519,to_in_001,33
2024,나다921519,to_in_007,18
2024,나다921519,to_in_008,18
2024,나다921520,to_in_001,23
2024,나다921520,to_in_007,13
2024,나다921520,to_in_008,8
2024,나다999004,to_in_001,8
2024,나다999004,to_in_007,8
2024,나다999004,to_in_008,5
2024,나다557838,to_in_001,8
2024,나다557838,to_in_007,8
2024,나다557838,to_in_008,5
2024,나다557839,to_in_001,5
2024,나다557839,to_in_007,5
2024,나다557839,to_in_008,5
2024,나다562837,to_in_001,8
2024,나다562837,to_in_007,5
2024,나다562837,to_in_008,5
2024,나다562838,to_in_001,5
2024,나다562838,to_in_007,5
2024,나다562838,to_in_008,5
2024,나다563836,to_in_001,5
2024,나다563836,to_in_007,0
2024,나다563836,to_in_008,5
2024,나다563837,to_in_001,23
2024,나다563837,to_in_007,13
2024,나다563837,to_in_008,8
2024,나다563838,to_in_001,18
2024,나다563838,to_in_007,8
2024,나다563838,to_in_008,8
2024,나다564837,to_in_001,5
2024,나다564837,to_in_007,0
2024,나다564837,to_in_008,0
2024,나다564838,to_in_001,5
2024,나다564838,to_in_007,5
2024,나다564838,to_in_008,5
2024,나다565989,to_in_001,0
2024,나다565989,to_in_007,0
2024,나다565989,to_in_008,0
2024,나다566988,to_in_001,5
2024,나다566988,to_in_007,5
2024,나다566988,to_in_008,0
2024,나다566989,to_in_001,5
2024,나다566989,to_in_007,5
2024,나다566989,to_in_008,0
2024,나다567990,to_in_001,0
2024,나다567990,to_in_007,0
2024,나다567990,to_in_008,0
2024,나다568990,to_in_001,8
2024,나다568990,to_in_007,5
2024,나다568990,to_in_008,5
2024,나다568991,to_in_001,5
2024,나다568991,to_in_007,5
2024,나다568991,to_in_008,5
2024,나다580918,to_in_001,8
2024,나다580918,to_in_007,5
2024,나다580918,to_in_008,8
2024,나다580959,to_in_001,8
2024,나다580959,to_in_007,5
2024,나다580959,to_in_008,5
2024,나다581918,to_in_001,5
2024,나다581918,to_in_007,0
2024,나다581918,to_in_008,5
2024,나다581959,to_in_001,5
2024,나다581959,to_in_007,0
2024,나다581959,to_in_008,0
2024,나다581960,to_in_001,5
2024,나다581960,to_in_007,5
2024,나다581960,to_in_008,5
2024,나다585919,to_in_001,8
2024,나다585919,to_in_007,5
2024,나다585919,to_in_008,5
2024,나다585920,to_in_001,5
2024,나다585920,to_in_007,5
2024,나다585920,to_in_008,0
2024,나다592989,to_in_001,13
2024,나다592989,to_in_007,8
2024,나다592989,to_in_008,5
2024,나다593989,to_in_001,5
2024,나다593989,to_in_007,5
2024,나다593989,to_in_008,0
2024,나다594916,to_in_001,8
2024,나다594916,to_in_007,5
2024,나다594916,to_in_008,5
2024,나다594917,to_in_001,5
2024,나다594917,to_in_007,5
2024,나다594917,to_in_008,0
2024,나다594990,to_in_001,5
2024,나다594990,to_in_007,5
2024,나다594990,to_in_008,5
2024,나다595916,to_in_001,8
2024,나다595916,to_in_007,5
2024,나다595916,to_in_008,5
2024,나다595917,to_in_001,8
2024,나다595917,to_in_007,5
2024,나다595917,to_in_008,5
2024,나다596917,to_in_001,18
2024,나다596917,to_in_007,13
2024,나다596917,to_in_008,8
2024,나다596923,to_in_001,5
2024,나다596923,to_in_007,0
2024,나다596923,to_in_008,5
2024,나다596924,to_in_001,8
2024,나다596924,to_in_007,5
2024,나다596924,to_in_008,8
2024,나다597916,to_in_001,0
2024,나다597916,to_in_007,0
2024,나다597916,to_in_008,0
2024,나다597923,to_in_001,5
2024,나다597923,to_in_007,5
2024,나다597923,to_in_008,5
2024,나다597924,to_in_001,18
2024,나다597924,to_in_007,8
2024,나다597924,to_in_008,8
2024,나다598924,to_in_001,5
2024,나다598924,to_in_007,5
2024,나다598924,to_in_008,0
2024,나다598925,to_in_001,5
2024,나다598925,to_in_007,5
2024,나다598925,to_in_008,0
2024,나다599904,to_in_001,5
2024,나다599904,to_in_007,0
2024,나다599904,to_in_008,0
2024,나다600904,to_in_001,5
2024,나다600904,to_in_007,0
2024,나다600904,to_in_008,5
2024,나다600905,to_in_001,5
2024,나다600905,to_in_007,5
2024,나다600905,to_in_008,5
2024,나다600906,to_in_001,5
2024,나다600906,to_in_007,5
2024,나다600906,to_in_008,5
2024,나다601904,to_in_001,0
2024,나다601904,to_in_007,0
2024,나다601904,to_in_008,0
2024,나다601906,to_in_001,8
2024,나다601906,to_in_007,5
2024,나다601906,to_in_008,5
2024,나다602905,to_in_001,8
2024,나다602905,to_in_007,5
2024,나다602905,to_in_008,5
2024,나다602906,to_in_001,5
2024,나다602906,to_in_007,5
2024,나다602906,to_in_008,0
2024,나다611865,to_in_001,8
2024,나다611865,to_in_007,5
2024,나다611865,to_in_008,5
2024,나다612865,to_in_001,8
2024,나다612865,to_in_007,5
2024,나다612865,to_in_008,5
2024,나다796981,to_in_001,5
2024,나다796981,to_in_007,0
2024,나다796981,to_in_008,5
2024,나다797992,to_in_001,5
2024,나다797992,to_in_007,5
2024,나다797992,to_in_008,5
2024,나다797999,to_in_001,0
2024,나다797999,to_in_007,0
2024,나다797999,to_in_008,0
2024,나다798997,to_in_001,5
2024,나다798997,to_in_007,0
2024,나다798997,to_in_008,5
2024,나다798998,to_in_001,0
2024,나다798998,to_in_007,0
2024,나다798998,to_in_008,0
2024,나다798999,to_in_001,5
2024,나다798999,to_in_007,0
2024,나다798999,to_in_008,5
2024,나다799978,to_in_001,0
2024,나다799978,to_in_007,0
2024,나다799978,to_in_008,0
2024,나다802975,to_in_001,5
2024,나다802975,to_in_007,5
2024,나다802975,to_in_008,0
2024,나다802976,to_in_001,8
2024,나다802976,to_in_007,8
2024,나다802976,to_in_008,5
2024,나다802977,to_in_001,11
2024,나다802977,to_in_007,11
2024,나다802977,to_in_008,0
2024,나다802991,to_in_001,5
2024,나다802991,to_in_007,5
2024,나다802991,to_in_008,5
2024,나다802999,to_in_001,5
2024,나다802999,to_in_007,0
2024,나다802999,to_in_008,0
2024,나다803975,to_in_001,18
2024,나다803975,to_in_007,8
2024,나다803975,to_in_008,8
2024,나다803976,to_in_001,8
2024,나다803976,to_in_007,5
2024,나다803976,to_in_008,8
2024,나다803977,to_in_001,13
2024,나다803977,to_in_007,13
2024,나다803977,to_in_008,5
2024,나다803978,to_in_001,14
2024,나다803978,to_in_007,14
2024,나다803978,to_in_008,5
2024,나다803986,to_in_001,13
2024,나다803986,to_in_007,8
2024,나다803986,to_in_008,5
2024,나다803987,to_in_001,5
2024,나다803987,to_in_007,0
2024,나다803987,to_in_008,5
2024,나다803999,to_in_001,13
2024,나다803999,to_in_007,5
2024,나다803999,to_in_008,8
2024,나다804976,to_in_001,5
2024,나다804976,to_in_007,5
2024,나다804976,to_in_008,5
2024,나다804977,to_in_001,33
2024,나다804977,to_in_007,18
2024,나다804977,to_in_008,18
2024,나다804978,to_in_001,25
2024,나다804978,to_in_007,15
2024,나다804978,to_in_008,8
2024,나다804984,to_in_001,5
2024,나다804984,to_in_007,5
2024,나다804984,to_in_008,0
2024,나다804985,to_in_001,5
2024,나다804985,to_in_007,0
2024,나다804985,to_in_008,0
2024,나다804986,to_in_001,8
2024,나다804986,to_in_007,5
2024,나다804986,to_in_008,5
2024,나다804987,to_in_001,8
2024,나다804987,to_in_007,5
2024,나다804987,to_in_008,5
2024,나다804999,to_in_001,13
2024,나다804999,to_in_007,8
2024,나다804999,to_in_008,5
2024,나다805975,to_in_001,8
2024,나다805975,to_in_007,0
2024,나다805975,to_in_008,5
2024,나다805977,to_in_001,13
2024,나다805977,to_in_007,8
2024,나다805977,to_in_008,8
2024,나다805978,to_in_001,5
2024,나다805978,to_in_007,0
2024,나다805978,to_in_008,0
2024,나다805981,to_in_001,5
2024,나다805981,to_in_007,0
2024,나다805981,to_in_008,0
2024,나다805982,to_in_001,8
2024,나다805982,to_in_007,8
2024,나다805982,to_in_008,5
2024,나다805999,to_in_001,13
2024,나다805999,to_in_007,8
2024,나다805999,to_in_008,5
2024,나다806979,to_in_001,8
2024,나다806979,to_in_007,5
2024,나다806979,to_in_008,0
2024,나다806980,to_in_001,23
2024,나다806980,to_in_007,13
2024,나다806980,to_in_008,8
2024,나다806982,to_in_001,8
2024,나다806982,to_in_007,8
2024,나다806982,to_in_008,5
2024,나다806999,to_in_001,5
2024,나다806999,to_in_007,0
2024,나다806999,to_in_008,0
2024,나다807982,to_in_001,5
2024,나다807982,to_in_007,5
2024,나다807982,to_in_008,0
2024,나다807999,to_in_001,5
2024,나다807999,to_in_007,0
2024,나다807999,to_in_008,0
2024,나다808980,to_in_001,0
2024,나다808980,to_in_007,0
2024,나다808980,to_in_008,0
2024,나다808983,to_in_001,5
2024,나다808983,to_in_007,5
2024,나다808983,to_in_008,5
2024,나다809980,to_in_001,8
2024,나다809980,to_in_007,8
2024,나다809980,to_in_008,0
2024,나다809982,to_in_001,13
2024,나다809982,to_in_007,8
2024,나다809982,to_in_008,5
2024,나다809983,to_in_001,8
2024,나다809983,to_in_007,8
2024,나다809983,to_in_008,5
2024,나다809999,to_in_001,8
2024,나다809999,to_in_007,5
2024,나다809999,to_in_008,5
2024,나다810982,to_in_001,8
2024,나다810982,to_in_007,5
2024,나다810982,to_in_008,8
2024,나다989002,to_in_001,33
2024,나다989002,to_in_007,13
2024,나다989002,to_in_008,18
2024,나다989003,to_in_001,8
2024,나다989003,to_in_007,5
2024,나다989003,to_in_008,5
2024,나다990002,to_in_001,28
2024,나다990002,to_in_007,13
2024,나다990002,to_in_008,13
2024,나다991001,to_in_001,18
2024,나다991001,to_in_007,8
2024,나다991001,to_in_008,8
2024,나다991002,to_in_001,5
2024,나다991002,to_in_007,5
2024,나다991002,to_in_008,5
2024,나다991003,to_in_001,13
2024,나다991003,to_in_007,8
2024,나다991003,to_in_008,8
2024,나다992001,to_in_001,63
2024,나다992001,to_in_007,28
2024,나다992001,to_in_008,33
2024,나다992002,to_in_001,8
2024,나다992002,to_in_007,5
2024,나다992002,to_in_008,5
2024,나다993000,to_in_001,8
2024,나다993000,to_in_007,5
2024,나다993000,to_in_008,5
2024,나다993001,to_in_001,85
2024,나다993001,to_in_007,40
2024,나다993001,to_in_008,43
2024,나다993002,to_in_001,0
2024,나다993002,to_in_007,0
2024,나다993002,to_in_008,0
2024,나다994000,to_in_001,38
2024,나다994000,to_in_007,23
2024,나다994000,to_in_008,18
2024,나다994001,to_in_001,69
2024,나다994001,to_in_007,29
2024,나다994001,to_in_008,38
2024,나다994002,to_in_001,5
2024,나다994002,to_in_007,0
2024,나다994002,to_in_008,0
2024,나다995000,to_in_001,38
2024,나다995000,to_in_007,18
2024,나다995000,to_in_008,18
2024,나다995001,to_in_001,150
2024,나다995001,to_in_007,74
2024,나다995001,to_in_008,74
2024,나다995002,to_in_001,33
2024,나다995002,to_in_007,18
2024,나다995002,to_in_008,13
2024,나다996000,to_in_001,92
2024,나다996000,to_in_007,46
2024,나다996000,to_in_008,44
2024,나다996001,to_in_001,5
2024,나다996001,to_in_007,0
2024,나다996001,to_in_008,5
2024,나다996002,to_in_001,13
2024,나다996002,to_in_007,8
2024,나다996002,to_in_008,5
2024,나다996003,to_in_001,18
2024,나다996003,to_in_007,8
2024,나다996003,to_in_008,13
2024,나다997003,to_in_001,23
2024,나다997003,to_in_007,18
2024,나다997003,to_in_008,8
2024,나다998003,to_in_001,33
2024,나다998003,to_in_007,18
2024,나다998003,to_in_008,13
2024,나다998004,to_in_001,8
2024,나다998004,to_in_007,8
2024,나다998004,to_in_008,0
2024,나다999000,to_in_001,30
2024,나다999000,to_in_007,20
2024,나다999000,to_in_008,13
2024,나다999001,to_in_001,18
2024,나다999001,to_in_007,8
2024,나다999001,to_in_008,13
2024,나다999002,to_in_001,8
2024,나다999002,to_in_007,5
2024,나다999002,to_in_008,5
2024,나다999003,to_in_001,38
2024,나다999003,to_in_007,18
2024,나다999003,to_in_008,18
2024,나다653906,to_in_001,8
2024,나다653906,to_in_007,8
2024,나다653906,to_in_008,8
2024,나다653918,to_in_001,0
2024,나다653918,to_in_007,0
2024,나다653918,to_in_008,0
2024,나다653919,to_in_001,8
2024,나다653919,to_in_007,5
2024,나다653919,to_in_008,5
2024,나다653920,to_in_001,8
2024,나다653920,to_in_007,5
2024,나다653920,to_in_008,5
2024,나다653942,to_in_001,5
2024,나다653942,to_in_007,5
2024,나다653942,to_in_008,5
2024,나다653943,to_in_001,5
2024,나다653943,to_in_007,5
2024,나다653943,to_in_008,0
2024,나다654833,to_in_001,8
2024,나다654833,to_in_007,5
2024,나다654833,to_in_008,5
2024,나다654834,to_in_001,13
2024,나다654834,to_in_007,5
2024,나다654834,to_in_008,8
2024,나다654891,to_in_001,5
2024,나다654891,to_in_007,5
2024,나다654891,to_in_008,0
2024,나다654903,to_in_001,5
2024,나다654903,to_in_007,5
2024,나다654903,to_in_008,5
2024,나다654906,to_in_001,8
2024,나다654906,to_in_007,5
2024,나다654906,to_in_008,5
2024,나다654918,to_in_001,5
2024,나다654918,to_in_007,0
2024,나다654918,to_in_008,0
2024,나다654942,to_in_001,5
2024,나다654942,to_in_007,0
2024,나다654942,to_in_008,0
2024,나다655832,to_in_001,13
2024,나다655832,to_in_007,8
2024,나다655832,to_in_008,5
2024,나다655833,to_in_001,33
2024,나다655833,to_in_007,18
2024,나다655833,to_in_008,13
2024,나다655834,to_in_001,23
2024,나다655834,to_in_007,13
2024,나다655834,to_in_008,13
2024,나다655835,to_in_001,5
2024,나다655835,to_in_007,5
2024,나다655835,to_in_008,0
2024,나다655903,to_in_001,5
2024,나다655903,to_in_007,0
2024,나다655903,to_in_008,5
2024,나다655904,to_in_001,8
2024,나다655904,to_in_007,8
2024,나다655904,to_in_008,8
2024,나다655922,to_in_001,5
2024,나다655922,to_in_007,0
2024,나다655922,to_in_008,0
2024,나다655923,to_in_001,5
2024,나다655923,to_in_007,5
2024,나다655923,to_in_008,5
2024,나다655926,to_in_001,0
2024,나다655926,to_in_007,0
2024,나다655926,to_in_008,0
2024,나다655941,to_in_001,5
2024,나다655941,to_in_007,5
2024,나다655941,to_in_008,5
2024,나다656832,to_in_001,13
2024,나다656832,to_in_007,5
2024,나다656832,to_in_008,8
2024,나다656833,to_in_001,13
2024,나다656833,to_in_007,5
2024,나다656833,to_in_008,8
2024,나다656834,to_in_001,0
2024,나다656834,to_in_007,0
2024,나다656834,to_in_008,0
2024,나다656903,to_in_001,5
2024,나다656903,to_in_007,0
2024,나다656903,to_in_008,0
2024,나다656904,to_in_001,13
2024,나다656904,to_in_007,8
2024,나다656904,to_in_008,8
2024,나다656905,to_in_001,8
2024,나다656905,to_in_007,5
2024,나다656905,to_in_008,5
2024,나다656920,to_in_001,5
2024,나다656920,to_in_007,0
2024,나다656920,to_in_008,0
2024,나다656939,to_in_001,13
2024,나다656939,to_in_007,13
2024,나다656939,to_in_008,0
2024,나다656940,to_in_001,13
2024,나다656940,to_in_007,8
2024,나다656940,to_in_008,8
2024,나다656941,to_in_001,8
2024,나다656941,to_in_007,5
2024,나다656941,to_in_008,5
2024,나다657903,to_in_001,5
2024,나다657903,to_in_007,0
2024,나다657903,to_in_008,5
2024,나다657904,to_in_001,8
2024,나다657904,to_in_007,0
2024,나다657904,to_in_008,8
2024,나다657905,to_in_001,8
2024,나다657905,to_in_007,8
2024,나다657905,to_in_008,5
2024,나다657918,to_in_001,5
2024,나다657918,to_in_007,5
2024,나다657918,to_in_008,5
2024,나다657919,to_in_001,5
2024,나다657919,to_in_007,0
2024,나다657919,to_in_008,0
2024,나다657920,to_in_001,5
2024,나다657920,to_in_007,0
2024,나다657920,to_in_008,5
2024,나다657938,to_in_001,0
2024,나다657938,to_in_007,0
2024,나다657938,to_in_008,0
2024,나다657939,to_in_001,13
2024,나다657939,to_in_007,8
2024,나다657939,to_in_008,8
2024,나다683892,to_in_001,5
2024,나다683892,to_in_007,0
2024,나다683892,to_in_008,0
2024,나다683898,to_in_001,5
2024,나다683898,to_in_007,0
2024,나다683898,to_in_008,0
2024,나다683899,to_in_001,8
2024,나다683899,to_in_007,5
2024,나다683899,to_in_008,5
2024,나다683900,to_in_001,13
2024,나다683900,to_in_007,8
2024,나다683900,to_in_008,5
2024,나다689847,to_in_001,5
2024,나다689847,to_in_007,0
2024,나다689847,to_in_008,0
2024,나다690847,to_in_001,0
2024,나다690847,to_in_007,0
2024,나다690847,to_in_008,0
2024,나다691845,to_in_001,5
2024,나다691845,to_in_007,0
2024,나다691845,to_in_008,0
2024,나다691888,to_in_001,8
2024,나다691888,to_in_007,5
2024,나다691888,to_in_008,8
2024,나다692845,to_in_001,8
2024,나다692845,to_in_007,5
2024,나다692845,to_in_008,5
2024,나다692846,to_in_001,5
2024,나다692846,to_in_007,5
2024,나다692846,to_in_008,0
2024,나다692888,to_in_001,8
2024,나다692888,to_in_007,8
2024,나다692888,to_in_008,5
2024,나다693846,to_in_001,5
2024,나다693846,to_in_007,0
2024,나다693846,to_in_008,0
2024,나다693888,to_in_001,18
2024,나다693888,to_in_007,8
2024,나다693888,to_in_008,13
2024,나다693892,to_in_001,13
2024,나다693892,to_in_007,8
2024,나다693892,to_in_008,8
2024,나다693893,to_in_001,0
2024,나다693893,to_in_007,0
2024,나다693893,to_in_008,0
2024,나다694887,to_in_001,8
2024,나다694887,to_in_007,5
2024,나다694887,to_in_008,5
2024,나다694888,to_in_001,5
2024,나다694888,to_in_007,5
2024,나다694888,to_in_008,0
2024,나다694889,to_in_001,23
2024,나다694889,to_in_007,13
2024,나다694889,to_in_008,13
2024,나다694890,to_in_001,13
2024,나다694890,to_in_007,8
2024,나다694890,to_in_008,8
2024,나다694891,to_in_001,8
2024,나다694891,to_in_007,8
2024,나다694891,to_in_008,5
2024,나다694892,to_in_001,5
2024,나다694892,to_in_007,0
2024,나다694892,to_in_008,5
2024,나다695888,to_in_001,13
2024,나다695888,to_in_007,8
2024,나다695888,to_in_008,5
2024,나다695889,to_in_001,5
2024,나다695889,to_in_007,0
2024,나다695889,to_in_008,0
2024,나다712867,to_in_001,13
2024,나다712867,to_in_007,8
2024,나다712867,to_in_008,5
2024,나다713867,to_in_001,8
2024,나다713867,to_in_007,5
2024,나다713867,to_in_008,8
2024,나다713868,to_in_001,5
2024,나다713868,to_in_007,5
2024,나다713868,to_in_008,0
2024,나다714868,to_in_001,0
2024,나다714868,to_in_007,0
2024,나다714868,to_in_008,0
2024,나다715867,to_in_001,0
2024,나다715867,to_in_007,0
2024,나다715867,to_in_008,0
2024,나다730999,to_in_001,0
2024,나다730999,to_in_007,0
2024,나다730999,to_in_008,0
2024,나다733996,to_in_001,0
2024,나다733996,to_in_007,0
2024,나다733996,to_in_008,0
2024,나다734996,to_in_001,0
2024,나다734996,to_in_007,0
2024,나다734996,to_in_008,0
2024,나다735995,to_in_001,0
2024,나다735995,to_in_007,0
2024,나다735995,to_in_008,0
2024,나다744975,to_in_001,5
2024,나다744975,to_in_007,5
2024,나다744975,to_in_008,0
2024,나다744978,to_in_001,0
2024,나다744978,to_in_007,0
2024,나다744978,to_in_008,0
2024,나다745978,to_in_001,8
2024,나다745978,to_in_007,5
2024,나다745978,to_in_008,5
2024,나다745979,to_in_001,5
2024,나다745979,to_in_007,5
2024,나다745979,to_in_008,0
2024,나다745987,to_in_001,13
2024,나다745987,to_in_007,8
2024,나다745987,to_in_008,5
2024,나다746975,to_in_001,8
2024,나다746975,to_in_007,5
2024,나다746975,to_in_008,5
2024,나다746978,to_in_001,18
2024,나다746978,to_in_007,13
2024,나다746978,to_in_008,5
2024,나다747977,to_in_001,24
2024,나다747977,to_in_007,19
2024,나다747977,to_in_008,5
2024,나다747978,to_in_001,58
2024,나다747978,to_in_007,43
2024,나다747978,to_in_008,13
2024,나다747979,to_in_001,24
2024,나다747979,to_in_007,19
2024,나다747979,to_in_008,0
2024,나다748977,to_in_001,33
2024,나다748977,to_in_007,23
2024,나다748977,to_in_008,13
2024,나다748978,to_in_001,13
2024,나다748978,to_in_007,8
2024,나다748978,to_in_008,5
2024,나다750980,to_in_001,0
2024,나다750980,to_in_007,0
2024,나다750980,to_in_008,0
2024,나다750988,to_in_001,5
2024,나다750988,to_in_007,0
2024,나다750988,to_in_008,0
2024,나다751987,to_in_001,5
2024,나다751987,to_in_007,5
2024,나다751987,to_in_008,0
2024,나다900993,to_in_001,20
2024,나다900993,to_in_007,20
2024,나다900993,to_in_008,5
2024,나다901990,to_in_001,23
2024,나다901990,to_in_007,13
2024,나다901990,to_in_008,8
2024,나다901991,to_in_001,37
2024,나다901991,to_in_007,32
2024,나다901991,to_in_008,8
2024,나다901992,to_in_001,8
2024,나다901992,to_in_007,5
2024,나다901992,to_in_008,5
2024,나다901993,to_in_001,24
2024,나다901993,to_in_007,19
2024,나다901993,to_in_008,5
2024,나다901994,to_in_001,13
2024,나다901994,to_in_007,8
2024,나다901994,to_in_008,5
2024,나다902508,to_in_001,5
2024,나다902508,to_in_007,0
2024,나다902508,to_in_008,5
2024,나다902509,to_in_001,5
2024,나다902509,to_in_007,5
2024,나다902509,to_in_008,0
2024,나다902989,to_in_001,5
2024,나다902989,to_in_007,0
2024,나다902989,to_in_008,5
2024,나다902990,to_in_001,5
2024,나다902990,to_in_007,0
2024,나다902990,to_in_008,5
2024,나다902993,to_in_001,19
2024,나다902993,to_in_007,19
2024,나다902993,to_in_008,5
2024,나다903508,to_in_001,8
2024,나다903508,to_in_007,8
2024,나다903508,to_in_008,5
2024,나다903509,to_in_001,23
2024,나다903509,to_in_007,13
2024,나다903509,to_in_008,13
2024,나다903989,to_in_001,8
2024,나다903989,to_in_007,5
2024,나다903989,to_in_008,5
2024,나다903990,to_in_001,5
2024,나다903990,to_in_007,0
2024,나다903990,to_in_008,0
2024,나다903996,to_in_001,5
2024,나다903996,to_in_007,0
2024,나다903996,to_in_008,0
2024,나다904508,to_in_001,13
2024,나다904508,to_in_007,8
2024,나다904508,to_in_008,5
2024,나다904509,to_in_001,28
2024,나다904509,to_in_007,8
2024,나다904509,to_in_008,18
2024,나다905509,to_in_001,38
2024,나다905509,to_in_007,23
2024,나다905509,to_in_008,13
2024,나다906509,to_in_001,23
2024,나다906509,to_in_007,13
2024,나다906509,to_in_008,8
2024,나다907504,to_in_001,13
2024,나다907504,to_in_007,13
2024,나다907504,to_in_008,5
2024,나다907509,to_in_001,5
2024,나다907509,to_in_007,5
2024,나다907509,to_in_008,5
2024,나다908507,to_in_001,5
2024,나다908507,to_in_007,5
2024,나다908507,to_in_008,0
2024,나다909504,to_in_001,5
2024,나다909504,to_in_007,5
2024,나다909504,to_in_008,5
2024,나다909505,to_in_001,18
2024,나다909505,to_in_007,13
2024,나다909505,to_in_008,8
2024,나다909507,to_in_001,0
2024,나다909507,to_in_007,0
2024,나다909507,to_in_008,0
2024,나다910504,to_in_001,13
2024,나다910504,to_in_007,8
2024,나다910504,to_in_008,5
2024,나다910505,to_in_001,24
2024,나다910505,to_in_007,19
2024,나다910505,to_in_008,8
2024,나다910506,to_in_001,5
2024,나다910506,to_in_007,0
2024,나다910506,to_in_008,0
2024,나다910507,to_in_001,0
2024,나다910507,to_in_007,0
2024,나다910507,to_in_008,0
2024,나다911503,to_in_001,5
2024,나다911503,to_in_007,5
2024,나다911503,to_in_008,0
2024,나다911504,to_in_001,8
2024,나다911504,to_in_007,5
2024,나다911504,to_in_008,5
2024,나다911505,to_in_001,5
2024,나다911505,to_in_007,5
2024,나다911505,to_in_008,0
2024,나다911506,to_in_001,0
2024,나다911506,to_in_007,0
2024,나다911506,to_in_008,0
2024,나다911554,to_in_001,8
2024,나다911554,to_in_007,5
2024,나다911554,to_in_008,8
2024,나다912501,to_in_001,5
2024,나다912501,to_in_007,5
2024,나다912501,to_in_008,0
2024,나다912503,to_in_001,13
2024,나다912503,to_in_007,8
2024,나다912503,to_in_008,5
2024,나다913497,to_in_001,0
2024,나다913497,to_in_007,0
2024,나다913497,to_in_008,0
2024,나다913498,to_in_001,5
2024,나다913498,to_in_007,5
2024,나다913498,to_in_008,5
2024,나다913500,to_in_001,8
2024,나다913500,to_in_007,8
2024,나다913500,to_in_008,0
2024,나다913504,to_in_001,37
2024,나다913504,to_in_007,32
2024,나다913504,to_in_008,5
2024,나다913505,to_in_001,0
2024,나다913505,to_in_007,0
2024,나다913505,to_in_008,0
2024,나다913509,to_in_001,5
2024,나다913509,to_in_007,5
2024,나다913509,to_in_008,0
2024,나다914506,to_in_001,5
2024,나다914506,to_in_007,5
2024,나다914506,to_in_008,0
2024,나다914507,to_in_001,29
2024,나다914507,to_in_007,19
2024,나다914507,to_in_008,8
2024,나다914508,to_in_001,23
2024,나다914508,to_in_007,13
2024,나다914508,to_in_008,8
2024,나다914509,to_in_001,0
2024,나다914509,to_in_007,0
2024,나다914509,to_in_008,0
2024,나다915507,to_in_001,8
2024,나다915507,to_in_007,5
2024,나다915507,to_in_008,0
2024,나다612866,to_in_001,5
2024,나다612866,to_in_007,5
2024,나다612866,to_in_008,5
2024,나다612870,to_in_001,8
2024,나다612870,to_in_007,5
2024,나다612870,to_in_008,5
2024,나다612871,to_in_001,8
2024,나다612871,to_in_007,5
2024,나다612871,to_in_008,8
2024,나다612872,to_in_001,13
2024,나다612872,to_in_007,8
2024,나다612872,to_in_008,8
2024,나다612873,to_in_001,5
2024,나다612873,to_in_007,0
2024,나다612873,to_in_008,0
2024,나다613865,to_in_001,5
2024,나다613865,to_in_007,5
2024,나다613865,to_in_008,5
2024,나다613866,to_in_001,5
2024,나다613866,to_in_007,5
2024,나다613866,to_in_008,0
2024,나다613870,to_in_001,0
2024,나다613870,to_in_007,0
2024,나다613870,to_in_008,0
2024,나다613871,to_in_001,8
2024,나다613871,to_in_007,5
2024,나다613871,to_in_008,8
2024,나다614870,to_in_001,5
2024,나다614870,to_in_007,0
2024,나다614870,to_in_008,5
2024,나다614871,to_in_001,0
2024,나다614871,to_in_007,0
2024,나다614871,to_in_008,0
2024,나다614873,to_in_001,0
2024,나다614873,to_in_007,0
2024,나다614873,to_in_008,0
2024,나다615873,to_in_001,5
2024,나다615873,to_in_007,0
2024,나다615873,to_in_008,0
2024,나다616861,to_in_001,0
2024,나다616861,to_in_007,0
2024,나다616861,to_in_008,0
2024,나다616895,to_in_001,0
2024,나다616895,to_in_007,0
2024,나다616895,to_in_008,0
2024,나다617894,to_in_001,5
2024,나다617894,to_in_007,0
2024,나다617894,to_in_008,5
2024,나다617895,to_in_001,0
2024,나다617895,to_in_007,0
2024,나다617895,to_in_008,0
2024,나다618894,to_in_001,5
2024,나다618894,to_in_007,5
2024,나다618894,to_in_008,0
2024,나다618948,to_in_001,5
2024,나다618948,to_in_007,0
2024,나다618948,to_in_008,0
2024,나다619946,to_in_001,5
2024,나다619946,to_in_007,5
2024,나다619946,to_in_008,5
2024,나다619947,to_in_001,5
2024,나다619947,to_in_007,5
2024,나다619947,to_in_008,5
2024,나다619948,to_in_001,8
2024,나다619948,to_in_007,0
2024,나다619948,to_in_008,8
2024,나다620945,to_in_001,8
2024,나다620945,to_in_007,8
2024,나다620945,to_in_008,8
2024,나다620946,to_in_001,13
2024,나다620946,to_in_007,8
2024,나다620946,to_in_008,5
2024,나다621946,to_in_001,8
2024,나다621946,to_in_007,8
2024,나다621946,to_in_008,5
2024,나다627941,to_in_001,5
2024,나다627941,to_in_007,5
2024,나다627941,to_in_008,0
2024,나다628930,to_in_001,5
2024,나다628930,to_in_007,0
2024,나다628930,to_in_008,5
2024,나다629919,to_in_001,8
2024,나다629919,to_in_007,5
2024,나다629919,to_in_008,8
2024,나다629920,to_in_001,5
2024,나다629920,to_in_007,0
2024,나다629920,to_in_008,0
2024,나다630919,to_in_001,18
2024,나다630919,to_in_007,8
2024,나다630919,to_in_008,8
2024,나다630920,to_in_001,8
2024,나다630920,to_in_007,8
2024,나다630920,to_in_008,0
2024,나다630930,to_in_001,8
2024,나다630930,to_in_007,5
2024,나다630930,to_in_008,5
2024,나다630931,to_in_001,5
2024,나다630931,to_in_007,5
2024,나다630931,to_in_008,5
2024,나다630932,to_in_001,0
2024,나다630932,to_in_007,0
2024,나다630932,to_in_008,0
2024,나다630933,to_in_001,0
2024,나다630933,to_in_007,0
2024,나다630933,to_in_008,0
2024,나다630934,to_in_001,8
2024,나다630934,to_in_007,5
2024,나다630934,to_in_008,5
2024,나다631919,to_in_001,8
2024,나다631919,to_in_007,8
2024,나다631919,to_in_008,5
2024,나다631920,to_in_001,18
2024,나다631920,to_in_007,8
2024,나다631920,to_in_008,13
2024,나다631934,to_in_001,8
2024,나다631934,to_in_007,8
2024,나다631934,to_in_008,5
2024,나다631935,to_in_001,8
2024,나다631935,to_in_007,8
2024,나다631935,to_in_008,5
2024,나다632935,to_in_001,0
2024,나다632935,to_in_007,0
2024,나다632935,to_in_008,0
2024,나다635936,to_in_001,5
2024,나다635936,to_in_007,0
2024,나다635936,to_in_008,5
2024,나다636931,to_in_001,5
2024,나다636931,to_in_007,5
2024,나다636931,to_in_008,5
2024,나다636936,to_in_001,18
2024,나다636936,to_in_007,8
2024,나다636936,to_in_008,8
2024,나다636937,to_in_001,18
2024,나다636937,to_in_007,8
2024,나다636937,to_in_008,8
2024,나다637930,to_in_001,8
2024,나다637930,to_in_007,5
2024,나다637930,to_in_008,5
2024,나다773995,to_in_001,8
2024,나다773995,to_in_007,5
2024,나다773995,to_in_008,5
2024,나다776974,to_in_001,5
2024,나다776974,to_in_007,0
2024,나다776974,to_in_008,5
2024,나다777994,to_in_001,5
2024,나다777994,to_in_007,5
2024,나다777994,to_in_008,0
2024,나다779973,to_in_001,5
2024,나다779973,to_in_007,5
2024,나다779973,to_in_008,0
2024,나다780838,to_in_001,0
2024,나다780838,to_in_007,0
2024,나다780838,to_in_008,0
2024,나다784852,to_in_001,0
2024,나다784852,to_in_007,0
2024,나다784852,to_in_008,0
2024,나다784853,to_in_001,5
2024,나다784853,to_in_007,0
2024,나다784853,to_in_008,5
2024,나다785852,to_in_001,8
2024,나다785852,to_in_007,5
2024,나다785852,to_in_008,5
2024,나다785853,to_in_001,8
2024,나다785853,to_in_007,5
2024,나다785853,to_in_008,5
2024,나다786858,to_in_001,5
2024,나다786858,to_in_007,5
2024,나다786858,to_in_008,0
2024,나다787969,to_in_001,8
2024,나다787969,to_in_007,8
2024,나다787969,to_in_008,0
2024,나다788972,to_in_001,5
2024,나다788972,to_in_007,5
2024,나다788972,to_in_008,0
2024,나다789970,to_in_001,8
2024,나다789970,to_in_007,8
2024,나다789970,to_in_008,5
2024,나다789971,to_in_001,5
2024,나다789971,to_in_007,0
2024,나다789971,to_in_008,0
2024,나다789972,to_in_001,8
2024,나다789972,to_in_007,8
2024,나다789972,to_in_008,5
2024,나다789973,to_in_001,5
2024,나다789973,to_in_007,5
2024,나다789973,to_in_008,0
2024,나다790970,to_in_001,5
2024,나다790970,to_in_007,0
2024,나다790970,to_in_008,0
2024,나다790971,to_in_001,5
2024,나다790971,to_in_007,0
2024,나다790971,to_in_008,5
2024,나다791988,to_in_001,5
2024,나다791988,to_in_007,0
2024,나다791988,to_in_008,0
2024,나다791990,to_in_001,5
2024,나다791990,to_in_007,5
2024,나다791990,to_in_008,0
2024,나다792978,to_in_001,8
2024,나다792978,to_in_007,8
2024,나다792978,to_in_008,5
2024,나다792987,to_in_001,5
2024,나다792987,to_in_007,0
2024,나다792987,to_in_008,5
2024,나다792988,to_in_001,24
2024,나다792988,to_in_007,24
2024,나다792988,to_in_008,0
2024,나다793977,to_in_001,0
2024,나다793977,to_in_007,0
2024,나다793977,to_in_008,0
2024,나다793978,to_in_001,5
2024,나다793978,to_in_007,0
2024,나다793978,to_in_008,5
2024,나다793986,to_in_001,8
2024,나다793986,to_in_007,5
2024,나다793986,to_in_008,5
2024,나다793987,to_in_001,18
2024,나다793987,to_in_007,8
2024,나다793987,to_in_008,13
2024,나다793988,to_in_001,23
2024,나다793988,to_in_007,13
2024,나다793988,to_in_008,8
2024,나다793990,to_in_001,8
2024,나다793990,to_in_007,5
2024,나다793990,to_in_008,5
2024,나다794976,to_in_001,5
2024,나다794976,to_in_007,0
2024,나다794976,to_in_008,5
2024,나다794977,to_in_001,5
2024,나다794977,to_in_007,5
2024,나다794977,to_in_008,5
2024,나다794978,to_in_001,5
2024,나다794978,to_in_007,5
2024,나다794978,to_in_008,5
2024,나다794987,to_in_001,8
2024,나다794987,to_in_007,5
2024,나다794987,to_in_008,8
2024,나다794988,to_in_001,5
2024,나다794988,to_in_007,0
2024,나다794988,to_in_008,5
2024,나다794991,to_in_001,8
2024,나다794991,to_in_007,5
2024,나다794991,to_in_008,5
2024,나다795976,to_in_001,8
2024,나다795976,to_in_007,8
2024,나다795976,to_in_008,5
2024,나다795977,to_in_001,18
2024,나다795977,to_in_007,8
2024,나다795977,to_in_008,8
2024,나다795978,to_in_001,5
2024,나다795978,to_in_007,0
2024,나다795978,to_in_008,0
2024,나다795980,to_in_001,5
2024,나다795980,to_in_007,5
2024,나다795980,to_in_008,0
2024,나다795981,to_in_001,8
2024,나다795981,to_in_007,5
2024,나다795981,to_in_008,5
2024,나다795991,to_in_001,18
2024,나다795991,to_in_007,8
2024,나다795991,to_in_008,8
2024,나다796977,to_in_001,0
2024,나다796977,to_in_007,0
2024,나다796977,to_in_008,0
2024,나다796978,to_in_001,0
2024,나다796978,to_in_007,0
2024,나다796978,to_in_008,0
2024,나다796980,to_in_001,8
2024,나다796980,to_in_007,5
2024,나다796980,to_in_008,5
2024,나다922518,to_in_001,0
2024,나다922518,to_in_007,0
2024,나다922518,to_in_008,0
2024,나다922519,to_in_001,23
2024,나다922519,to_in_007,18
2024,나다922519,to_in_008,8
2024,나다922520,to_in_001,5
2024,나다922520,to_in_007,5
2024,나다922520,to_in_008,0
2024,나다923519,to_in_001,0
2024,나다923519,to_in_007,0
2024,나다923519,to_in_008,0
2024,나다928579,to_in_001,5
2024,나다928579,to_in_007,0
2024,나다928579,to_in_008,5
2024,나다966001,to_in_001,5
2024,나다966001,to_in_007,5
2024,나다966001,to_in_008,0
2024,나다966002,to_in_001,5
2024,나다966002,to_in_007,5
2024,나다966002,to_in_008,0
2024,나다967002,to_in_001,5
2024,나다967002,to_in_007,5
2024,나다967002,to_in_008,0
2024,나다968000,to_in_001,8
2024,나다968000,to_in_007,5
2024,나다968000,to_in_008,8
2024,나다968001,to_in_001,13
2024,나다968001,to_in_007,8
2024,나다968001,to_in_008,8
2024,나다968002,to_in_001,0
2024,나다968002,to_in_007,0
2024,나다968002,to_in_008,0
2024,나다969000,to_in_001,8
2024,나다969000,to_in_007,5
2024,나다969000,to_in_008,8
2024,나다969001,to_in_001,33
2024,나다969001,to_in_007,18
2024,나다969001,to_in_008,18
2024,나다969002,to_in_001,5
2024,나다969002,to_in_007,5
2024,나다969002,to_in_008,0
2024,나다970000,to_in_001,5
2024,나다970000,to_in_007,0
2024,나다970000,to_in_008,5
2024,나다986000,to_in_001,53
2024,나다986000,to_in_007,28
2024,나다986000,to_in_008,28
2024,나다986001,to_in_001,53
2024,나다986001,to_in_007,28
2024,나다986001,to_in_008,23
2024,나다986002,to_in_001,18
2024,나다986002,to_in_007,13
2024,나다986002,to_in_008,8
2024,나다987000,to_in_001,38
2024,나다987000,to_in_007,18
2024,나다987000,to_in_008,18
2024,나다987001,to_in_001,23
2024,나다987001,to_in_007,13
2024,나다987001,to_in_008,13
2024,나다987002,to_in_001,18
2024,나다987002,to_in_007,8
2024,나다987002,to_in_008,8
2024,나다988000,to_in_001,33
2024,나다988000,to_in_007,18
2024,나다988000,to_in_008,13
2024,나다988001,to_in_001,8
2024,나다988001,to_in_007,5
2024,나다988001,to_in_008,5
2024,나다988002,to_in_001,18
2024,나다988002,to_in_007,8
2024,나다988002,to_in_008,8
2024,나다988003,to_in_001,5
2024,나다988003,to_in_007,5
2024,나다988003,to_in_008,5
2024,나다989000,to_in_001,13
2024,나다989000,to_in_007,8
2024,나다989000,to_in_008,8
2024,나다664902,to_in_001,13
2024,나다664902,to_in_007,8
2024,나다664902,to_in_008,5
2024,나다664903,to_in_001,33
2024,나다664903,to_in_007,18
2024,나다664903,to_in_008,18
2024,나다664904,to_in_001,5
2024,나다664904,to_in_007,5
2024,나다664904,to_in_008,5
2024,나다664906,to_in_001,8
2024,나다664906,to_in_007,5
2024,나다664906,to_in_008,5
2024,나다665836,to_in_001,23
2024,나다665836,to_in_007,13
2024,나다665836,to_in_008,8
2024,나다665837,to_in_001,5
2024,나다665837,to_in_007,5
2024,나다665837,to_in_008,5
2024,나다665899,to_in_001,8
2024,나다665899,to_in_007,8
2024,나다665899,to_in_008,0
2024,나다665900,to_in_001,23
2024,나다665900,to_in_007,13
2024,나다665900,to_in_008,13
2024,나다665901,to_in_001,8
2024,나다665901,to_in_007,5
2024,나다665901,to_in_008,8
2024,나다665902,to_in_001,5
2024,나다665902,to_in_007,5
2024,나다665902,to_in_008,5
2024,나다665903,to_in_001,13
2024,나다665903,to_in_007,8
2024,나다665903,to_in_008,8
2024,나다665904,to_in_001,13
2024,나다665904,to_in_007,8
2024,나다665904,to_in_008,8
2024,나다665933,to_in_001,8
2024,나다665933,to_in_007,5
2024,나다665933,to_in_008,5
2024,나다666836,to_in_001,13
2024,나다666836,to_in_007,8
2024,나다666836,to_in_008,8
2024,나다666837,to_in_001,8
2024,나다666837,to_in_007,5
2024,나다666837,to_in_008,5
2024,나다666888,to_in_001,5
2024,나다666888,to_in_007,0
2024,나다666888,to_in_008,0
2024,나다666889,to_in_001,0
2024,나다666889,to_in_007,0
2024,나다666889,to_in_008,0
2024,나다666890,to_in_001,8
2024,나다666890,to_in_007,5
2024,나다666890,to_in_008,5
2024,나다666895,to_in_001,5
2024,나다666895,to_in_007,0
2024,나다666895,to_in_008,5
2024,나다666899,to_in_001,5
2024,나다666899,to_in_007,5
2024,나다666899,to_in_008,0
2024,나다666900,to_in_001,8
2024,나다666900,to_in_007,5
2024,나다666900,to_in_008,5
2024,나다666901,to_in_001,0
2024,나다666901,to_in_007,0
2024,나다666901,to_in_008,0
2024,나다666903,to_in_001,5
2024,나다666903,to_in_007,5
2024,나다666903,to_in_008,5
2024,나다666904,to_in_001,8
2024,나다666904,to_in_007,5
2024,나다666904,to_in_008,5
2024,나다666910,to_in_001,5
2024,나다666910,to_in_007,5
2024,나다666910,to_in_008,5
2024,나다666934,to_in_001,18
2024,나다666934,to_in_007,8
2024,나다666934,to_in_008,8
2024,나다666935,to_in_001,5
2024,나다666935,to_in_007,0
2024,나다666935,to_in_008,5
2024,나다667836,to_in_001,8
2024,나다667836,to_in_007,5
2024,나다667836,to_in_008,5
2024,나다667837,to_in_001,13
2024,나다667837,to_in_007,8
2024,나다667837,to_in_008,5
2024,나다667888,to_in_001,0
2024,나다667888,to_in_007,0
2024,나다667888,to_in_008,0
2024,나다667889,to_in_001,5
2024,나다667889,to_in_007,0
2024,나다667889,to_in_008,0
2024,나다667890,to_in_001,5
2024,나다667890,to_in_007,5
2024,나다667890,to_in_008,0
2024,나다667891,to_in_001,0
2024,나다667891,to_in_007,0
2024,나다667891,to_in_008,0
2024,나다667892,to_in_001,13
2024,나다667892,to_in_007,8
2024,나다667892,to_in_008,8
2024,나다667893,to_in_001,18
2024,나다667893,to_in_007,13
2024,나다667893,to_in_008,8
2024,나다667894,to_in_001,8
2024,나다667894,to_in_007,8
2024,나다667894,to_in_008,0
2024,나다667895,to_in_001,5
2024,나다667895,to_in_007,5
2024,나다667895,to_in_008,5
2024,나다667900,to_in_001,8
2024,나다667900,to_in_007,5
2024,나다667900,to_in_008,8
2024,나다667904,to_in_001,8
2024,나다667904,to_in_007,8
2024,나다667904,to_in_008,8
2024,나다667909,to_in_001,5
2024,나다667909,to_in_007,5
2024,나다667909,to_in_008,5
2024,나다667910,to_in_001,13
2024,나다667910,to_in_007,8
2024,나다667910,to_in_008,5
2024,나다667911,to_in_001,8
2024,나다667911,to_in_007,5
2024,나다667911,to_in_008,5
2024,나다667912,to_in_001,18
2024,나다667912,to_in_007,8
2024,나다667912,to_in_008,8
2024,나다667934,to_in_001,8
2024,나다667934,to_in_007,5
2024,나다667934,to_in_008,8
2024,나다835991,to_in_001,8
2024,나다835991,to_in_007,8
2024,나다835991,to_in_008,5
2024,나다836980,to_in_001,5
2024,나다836980,to_in_007,0
2024,나다836980,to_in_008,5
2024,나다836981,to_in_001,8
2024,나다836981,to_in_007,5
2024,나다836981,to_in_008,5
2024,나다841997,to_in_001,5
2024,나다841997,to_in_007,0
2024,나다841997,to_in_008,0
2024,나다842986,to_in_001,5
2024,나다842986,to_in_007,0
2024,나다842986,to_in_008,5
2024,나다842988,to_in_001,5
2024,나다842988,to_in_007,0
2024,나다842988,to_in_008,0
2024,나다842998,to_in_001,0
2024,나다842998,to_in_007,0
2024,나다842998,to_in_008,0
2024,나다842999,to_in_001,0
2024,나다842999,to_in_007,0
2024,나다842999,to_in_008,0
2024,나다843993,to_in_001,5
2024,나다843993,to_in_007,5
2024,나다843993,to_in_008,0
2024,나다843998,to_in_001,13
2024,나다843998,to_in_007,8
2024,나다843998,to_in_008,8
2024,나다843999,to_in_001,0
2024,나다843999,to_in_007,0
2024,나다843999,to_in_008,0
2024,나다844989,to_in_001,5
2024,나다844989,to_in_007,0
2024,나다844989,to_in_008,0
2024,나다844994,to_in_001,0
2024,나다844994,to_in_007,0
2024,나다844994,to_in_008,0
2024,나다853993,to_in_001,8
2024,나다853993,to_in_007,5
2024,나다853993,to_in_008,5
2024,나다853995,to_in_001,8
2024,나다853995,to_in_007,8
2024,나다853995,to_in_008,5
2024,나다854992,to_in_001,0
2024,나다854992,to_in_007,0
2024,나다854992,to_in_008,0
2024,나다855994,to_in_001,0
2024,나다855994,to_in_007,0
2024,나다855994,to_in_008,0
2024,나다856994,to_in_001,5
2024,나다856994,to_in_007,5
2024,나다856994,to_in_008,0
2024,나다859997,to_in_001,13
2024,나다859997,to_in_007,8
2024,나다859997,to_in_008,5
2024,나다859998,to_in_001,5
2024,나다859998,to_in_007,0
2024,나다859998,to_in_008,5
2024,나다859999,to_in_001,8
2024,나다859999,to_in_007,8
2024,나다859999,to_in_008,5
2024,나다860997,to_in_001,13
2024,나다860997,to_in_007,8
2024,나다860997,to_in_008,5
2024,나다861997,to_in_001,13
2024,나다861997,to_in_007,8
2024,나다861997,to_in_008,5
2024,나다862993,to_in_001,0
2024,나다862993,to_in_007,0
2024,나다862993,to_in_008,0
2024,나다862997,to_in_001,5
2024,나다862997,to_in_007,5
2024,나다862997,to_in_008,5
2024,나다863992,to_in_001,0
2024,나다863992,to_in_007,0
2024,나다863992,to_in_008,0
2024,나다863994,to_in_001,5
2024,나다863994,to_in_007,5
2024,나다863994,to_in_008,0
2024,나다864991,to_in_001,0
2024,나다864991,to_in_007,0
2024,나다864991,to_in_008,0
2024,나다864992,to_in_001,5
2024,나다864992,to_in_007,0
2024,나다864992,to_in_008,5
2024,나다864993,to_in_001,39
2024,나다864993,to_in_007,23
2024,나다864993,to_in_008,19
2024,나다864994,to_in_001,8
2024,나다864994,to_in_007,8
2024,나다864994,to_in_008,8
2024,나다865994,to_in_001,5
2024,나다865994,to_in_007,0
2024,나다865994,to_in_008,5
2024,나다882527,to_in_001,8
2024,나다882527,to_in_007,8
2024,나다882527,to_in_008,0
2024,나다882528,to_in_001,5
2024,나다882528,to_in_007,0
2024,나다882528,to_in_008,5
2024,나다883527,to_in_001,8
2024,나다883527,to_in_007,5
2024,나다883527,to_in_008,8
2024,나다883528,to_in_001,5
2024,나다883528,to_in_007,5
2024,나다883528,to_in_008,0
2024,나다884527,to_in_001,50
2024,나다884527,to_in_007,35
2024,나다884527,to_in_008,18
2024,나다884528,to_in_001,28
2024,나다884528,to_in_007,18
2024,나다884528,to_in_008,8
2024,나다884529,to_in_001,5
2024,나다884529,to_in_007,0
2024,나다884529,to_in_008,0
2024,나다885526,to_in_001,23
2024,나다885526,to_in_007,13
2024,나다885526,to_in_008,8
2024,나다885527,to_in_001,71
2024,나다885527,to_in_007,40
2024,나다885527,to_in_008,29
2024,나다885528,to_in_001,120
2024,나다885528,to_in_007,79
2024,나다885528,to_in_008,39
2024,나다885529,to_in_001,107
2024,나다885529,to_in_007,81
2024,나다885529,to_in_008,29
2024,나다885998,to_in_001,5
2024,나다885998,to_in_007,5
2024,나다885998,to_in_008,5
2024,나다885999,to_in_001,18
2024,나다885999,to_in_007,13
2024,나다885999,to_in_008,5
2024,나다886524,to_in_001,8
2024,나다886524,to_in_007,5
2024,나다886524,to_in_008,5
2024,나다886525,to_in_001,0
2024,나다886525,to_in_007,0
2024,나다886525,to_in_008,0
2024,나다886526,to_in_001,77
2024,나다886526,to_in_007,46
2024,나다886526,to_in_008,29
2024,나다886528,to_in_001,57
2024,나다886528,to_in_007,37
2024,나다886528,to_in_008,18
2024,나다886529,to_in_001,53
2024,나다886529,to_in_007,33
2024,나다886529,to_in_008,23
2024,나다886999,to_in_001,45
2024,나다886999,to_in_007,35
2024,나다886999,to_in_008,8
